0,"[u'school', u'work', u'mind', u'life', u'people', u'way', u'time', u'term', u'year', u'thing', u'op', u'lot', u'someone', u'health', u'things', u'services', u'week', u'something', u'day', u'job', u'co', u'friends']"
1,"[u'study', u'days', u'anxiety', u'classes', u'night', u'everything', u'months', u'coop', u'exams', u'today', u'effort', u'stress', u'years', u'course', u'one', u'anyone', u'friend', u'jobs', u'situation', u'gt', u'program', u'hours', u'experience', u'family', u'hour', u'doctor', u'help', u'courses', u'everyone', u'idea', u'reason', u'part', u'kind', u'nothing', u'point', u'person', u'parents', u'bit', u'anything', u'assignments', u'uw', u'problems', u'depression', u'others', u'university', u'times', u'student', u'class', u'exam', u'cs', u'home', u'campus']"
2,"[u'sleep', u'month', u'end', u'weeks', u'coffee', u'therapy', u'side', u'gym', u'feeling', u'peers', u'midterms', u'com', u'success', u'thoughts', u'grades', u'thanks', u'post', u'support', u'medication', u'shit', u'marks', u'fuck', u'man', u'ones', u'talk', u'counsellor', u'group', u'interview', u'care', u'place', u'future', u'average', u'morning', u'mom', u'luck', u'start', u'students', u'meditation', u'appointment', u'perspective', u'etc', u'sense', u'advice', u'try', u'feel', u'interviews', u'relationship', u'motivation', u'plan', u'feels', u'please', u'counselling', u'fun', u'moment', u'questions', u'world', u'prof', u'confidence', u'issues', u'resources', u'degree', u'midterm', u'math', u'waterloo', u'bed', u'fact', u'brain', u'stuff', u'book', u'schedule', u'problem']"
3,"[u'force', u'excellent', u'starts', u'brains', u'tech', u'hrs', u'roll', u'cav', u'finance', u'review', u'shortcoming', u'ad', u'building', u'fav', u'excuse', u'fb', u'store', u'pneumonia', u'crispr', u'cut', u'indication', u'fortenshi', u'sink', u'talent', u'rape', u'movie', u'portfolio', u'proofs', u'percent']"
4,"[u'appointments', u'men', u'vitamin', u'im', u'make', u'complex', u'youre', u'game', u'miles', u'city', u'shot', u'worry', u'activities', u'look', u'assignment', u'couple', u'conversation', u'lt', u'management', u'youtube', u'kipling', u'hope', u'mistakes']"
5,"[u'buddy', u'compassion', u'wednesday', u'chem', u'hundreds', u'bro', u'concepts', u'fix', u'signing', u'thx', u'strength', u'plate', u'subject', u'psychologists', u'needles', u'round', u'targets', u'randoms', u'window', u'killer', u'obsession', u'cornwall', u'investigations', u'hematologist', u'worries', u'supplements', u'pdfs', u'good2talk', u'venting', u'productivity', u'streaking', u'ask', u'nights', u'quote', u'enemy', u'pd2', u'forgotten', u'distress', u'pack', u'howd', u'continue', u'scale', u'bruh', u'critiques', u'an_open_letter_to_the_first_years', u'congrats', u'cell', u'meet', u'move', u'delay', u'degrees', u'spawns', u'combat', u'bondi', u'grad', u'accident', u'walks', u'buddhism', u'tests']"
6,"[u'calm', u'haha', u'intake', u'mt', u'absolute', u'quit', u'weekends', u'ira', u'tricking', u'wasting', u'battle', u'chair', u'love', u'winter', u'intramurals', u'internet', u'org', u'first', u'ideas', u'policies', u'rest', u'tower', u'kings', u'nooo', u'intro', u'moves', u'safety', u'investment', u'material', u'needs', u'speech', u'gpa', u'sometimes', u'intelligence', u'conditions', u'attention', u'barely', u'context', u'forgetting', u'depersonalization', u'admission', u'methods', u'fucking', u'back', u'ontario', u'hopes', u'women', u'torture', u'video', u'snacks', u'factor', u'distractions', u'geez', u'struggles', u'afm', u'watch', u'front', u'seniors', u'helpline', u'screw', u'highschool', u'organ', u'yay', u'harder', u'fault', u'cirucmstances', u'unmoving', u'burden', u'loser', u'page']"
7,"[u'hate', u'music', u'type', u'counseling', u'solution', u'resume', u'struggle', u'top', u'jobmine', u'matter', u'adhd', u'report', u'best', u'reddit', u'terms', u'antidepressants', u'steps', u'right', u'reality', u'weekend', u'minute', u'wait', u'studies', u'https', u'share', u'thank', u'half', u'name', u'yeah', u'message', u'psychiatrist', u'food', u'events', u'summer', u'money', u'death', u'treatment', u'mood', u'opportunities', u'semester', u'company', u'suggestions', u'hell', u'symptoms', u'harm', u'energy', u'research', u'ass', u'number', u'self', u'towards', u'experiences', u'practice', u'case', u'yesterday', u'projects', u'step', u'graduation', u'question', u'results', u'go', u'facebook', u'body', u'process', u'bunch', u'edit', u'hesitate', u'cause', u'hey', u'system', u'need', u'view', u'progress', u'value', u'education', u'thought', u'position', u'happiness', u'science', u'goals', u'places', u'minutes']"
8,"[u'pace', u'cali', u'holy', u'example', u'want', u'keep', u'office', u'imo', u'kid', u'listen', u'alarm', u'stop', u'basis', u'programs', u'yea', u'yes', u'clubs', u'pain', u'cliche', u'mediocre', u'focus', u'suicide', u'choice', u'findings', u'suicides', u'crisis', u'sports', u'making', u'heart', u'stream', u'may', u'impostors', u'living', u'grandma', u'mindfulness', u'performance', u'sure', u'show', u'gen', u'cancer', u'arts', u'acquaintances', u'fruit', u'roommate', u'inability', u'ability', u'oh', u'field', u'finals', u'forget', u'lack', u'fall', u'condition', u'past', u'pass', u'respect', u'learn', u'information', u'media', u'beginning', u'thread', u'majority', u'kw', u'shower', u'league', u'damn', u'determination', u'holidays', u'levels', u'alternative', u'schoolwork', u'ptsd', u'exercise', u'pressure', u'guidance', u'sort', u'sis', u'prognosis', u'marrow', u'honestly', u'addiction', u'software', u'procrastination', u'hobby', u'dad', u'articles', u'bitch', u'aww', u'chicken', u'eyes', u'state', u'routine', u'career', u'comment', u'walk', u'lol', u'desk', u'wonders', u'wise', u'record', u'monday']"
9,"[u'christ', u'bone', u'engagement', u'scenario', u'quieter', u'fail', u'cherry', u'pharmacy', u'notepad', u'values', u'whenever', u'monster', u'trash', u'list', u'town', u'strategies', u'pray', u'mental', u'proxy', u'geomatics', u'anymore', u'regardless', u'religion', u'deals', u'rez', u'differs', u'grindstone', u'http']"
10,"[u'keeps', u'ambitions', u'could', u'makeup', u'afternoon', u'episodes', u'rock', u'note', u'clearer', u'blow', u'deadlines', u'project', u'caffeine', u'friendship', u'activity', u'wow', u'funny', u'drama', u'stage', u'tldr', u'hs', u'handle', u'surge']"
11,"[u'worth', u'new', u'regrets', u'attempt', u'cmha', u'manner', u'coast', u'boring', u'wikipedia', u'pity', u'logic', u'seattle', u'contact', u'gods', u'efforts', u'posts', u'shallit', u'pure', u'recover', u'stretch', u'protein', u'ccf', u'act', u'outlook', u'cbt', u'hayyters', u'scientist', u'ugh', u'hit', u'gap', u'chatter', u'kick', u'rid', u'emergency', u'sub', u'wheeeeee', u'suffers', u'send', u'engage', u'opinion', u'manage', u'toy', u'stomach', u'intentions', u'humans', u'gene']"
12,"[u'goodbye', u'combination', u'basketball', u'shittiness', u'bomb', u'nightmares', u'blonde', u'shame', u'toaster', u'medicating', u'dear', u'herpes', u'nerve', u'whats', u'periodic', u'check', u'disorders', u'trans', u'map', u'er', u'mehntal', u'language', u'tries', u'workshops', u'tears', u'many', u'lady', u'cambridge', u'pulp', u'idiot', u'action', u'eye', u'kickass', u'terriblehack', u'banks', u'phil', u'essays', u'mentality', u'reclusion', u'sluggishness', u'impact', u'courseload', u'perfume', u'set', u'checkboxes', u'reduction', u'consistency', u'particle', u'disclosure', u'downhill', u'eval', u'endeavors', u'chapters', u'c', u'pits', u'mastery', u'gay']"
13,"[u'relationships', u'sorry', u'skills', u'feelings', u'browse', u'phone', u'expectations', u'effects', u'mean', u'god', u'toronto', u'mine', u'boyfriend', u'lots', u'games', u'interest', u'cycle', u'candidate', u'attacks', u'head', u'form', u'environment', u'word', u'trouble', u'guy', u'groups', u'transplant', u'club', u'get', u'date', u'maybe', u'tomorrow', u'season', u'counselor', u'engineering', u'hobbies', u'difference', u'none', u'habits', u'story', u'sex', u'pm', u'cuz', u'notes', u'mindset', u'figure', u'purpose', u'light', u'nobody', u'face', u'computer', u'email', u'girl']"
14,"[u'gratification', u'friendships', u'brings', u'mm', u'fever', u'bitter', u'fucks', u'wear', u'ill', u'impediment', u'crowd', u'prom', u'memory', u'thru', u'bursaries', u'workload', u'eh', u'ec', u'challenges', u'long', u'illness', u'take', u'reaction', u'resentment', u'shopping', u'blog', u'nutrients', u'functioning', u'deeply', u'evening', u'yo', u'exec', u'celebrities', u'feminists', u'distraction', u'java', u'rewrite', u'woke', u'peace', u'fears', u'meals', u'lane', u'illnesses', u'heath', u'infection', u'slacker', u'drinker', u'isolation', u'tonight', u'agency', u'means', u'qa', u'poem', u'negligence', u'library', u'fuckboy', u'recommendations']"
15,"[u'appetite', u'every', u'firstworldmentalhealthproblems', u'tole', u'schooling', u'summarize', u'whining', u'medicine', u'thereof', u'took', u'guilt', u'impostor', u'points', u'country', u'physician', u'sushi', u'board', u'bury', u'anime', u'grateful', u'discover', u'verge', u'midnight', u'employers', u'honesty', u'aspects', u'barbells', u'beginners', u'faculty', u'blunder', u'event', u'hires', u'paranoia', u'x', u'responsibility', u'advise', u'silence', u'forward', u'visits', u'business', u'experiment', u'bird', u'win', u'started', u'kinkaku', u'wander', u'ionic', u'hopeful', u'regularly', u'grail', u'footage', u'housing', u'implement', u'trials']"
16,"[u'triumph', u'glhf', u'remedies', u'homie', u'lump', u'laysdays', u'troughs', u'preferences', u'doc', u'july', u'bonuses', u'habit', u'thy', u'security', u'umm', u'offer', u'evidence', u'accounting', u'technique', u'curriculum', u'cases', u'motions', u'drop', u'lab', u'pill', u'sanity', u'industry', u'councillors', u'method', u'wro9ptpusss', u'shits', u'homework', u'glad', u'buzzword', u'occasions', u'cups', u'feet', u'salaryman', u'engsoc', u'stem', u'flow', u'econ', u'scrub', u'peanut', u'wave', u'varies', u'lines', u'impression', u'tbh', u'fifties', u'subscribe', u'discrimination', u'present', u'muscle', u's2xtra_wpao', u'apps', u'lives']"
17,"[u'cakeday', u'halivera', u'net', u'path', u'shoot', u'household', u'recovery', u'complaining', u'forgot', u'already', u'grade', u'individuals', u'seminars', u'rat', u'plenty', u'situations', u'dr', u'claws', u'relative', u'pregnancy', u'piazza', u'hunt', u'_____', u'son', u'gis', u'tonne', u'role', u'eternity', u'variable', u'emergencies', u'turns', u'favour', u'reply', u'prescriptions', u'hairs', u'trial', u'everybody', u'requirements', u'acceptances', u'rainymood', u'rink', u'weekdays', u'uwaterloo', u'png', u'apples', u'oath', u'colourfulskies97', u'hack', u'freaking', u'college', u'maturity', u'outside', u'pop', u'satisfaction', u'boat', u'sound', u'pan', u'ukulele', u'pounds', u'memories', u'autoimmune', u'holes', u'content', u'presentation', u'mistborn', u'backlash', u'toxicity', u'two', u'broke', u'libido', u'foot', u'athletics', u'pun', u'difficulty', u'feelsgoodman', u'option', u'doctors', u'concentration', u'obviously', u'find', u'error', u'copiers', u'facade', u'literature', u'lawyers', u'stack', u'abilities', u'discipline', u'shitposting', u'goddamn', u'pen', u'processing', u'files', u'info', u'planet', u'algorithm', u'jump', u'got', u'existent', u'use', u'crap', u'practicing', u'tunnel', u'bones', u'poetry', u'mode', u'achievements', u'listless', u'videogames', u'loves', u'persistence', u'centre', u'tenure', u'employer', u'cycles', u'shitstorm', u'joke', u'drug', u'member', u'scent', u'extension', u'ivory', u'hr', u'construction', u'convince', u'twist', u'periods', u'guarantee', u'stat']"
18,"[u'hopefully', u'amount', u'www', u'meds', u'graduate', u'psychologist', u'emotions', u'tips', u'let', u'read', u'ahhh', u'links', u'healthcare', u'interests', u'paper']"
19,"[u'consistent', u'kids', u'motivate', u'descent', u'timers', u'nogf', u'swindlers', u'climate', u'hand', u'somehow', u'vote', u'pre', u'proud', u'successes', u'evenings', u'fan', u'chart', u'prospects', u'flight', u'suffering', u'run', u'bc', u'letter', u'coops', u'verity', u'correlations', u'cousin', u'effect', u'usage', u'employment']"
20,"[u'plea', u'spoke', u'amazement', u'coding', u'service', u'bridge', u'dog', u'roller', u'speak', u'cons', u'pick', u'christmas', u'update', u'bomber', u'doubt', u'car', u'reviews', u'ahaha', u'ex', u'advance', u'lmao', u'ways', u'good', u'capability', u'victories', u'rush', u'tl', u'hamster', u'wager', u'brush', u'indefinite', u'rut', u'department', u'mock', u'apple', u'ties', u'interviewees', u'choose', u'withdrawal', u'canadians', u'never', u'match', u'assuming', u'matcha']"
21,"[u'toll', u'join', u'strangers', u'approach', u'substance', u'otherkins', u'glitch', u'accomplishments', u'failure', u'dick', u'advantage', u'level', u'dude', u'write', u'runners', u'formula', u'blacklist', u'saw', u'slope', u'expectation', u'connections', u'period', u'mark', u'changing', u'competition', u'rate', u'door', u'compare', u'id755164884', u'response', u'github', u'actually', u'reach', u'flies', u'compromises', u'nap', u'bloodwork', u'affective', u'quality', u'beat', u'counsellors', u'kinds']"
22,"[u'tinder', u'observer', u'testing', u'thankfully', u'procrastinator', u'tasks', u'till', u'insomnia', u'card', u'marijuana', u'freshman', u'anyways', u'calendar', u'august', u'quagmire', u'relies', u'symbolism', u'pockets', u'darkness', u'drink', u'sentences', u'client', u'likes', u'weekday', u'pencil', u'courage', u'repercussions', u'put', u'powder', u'web', u'acceptance', u'portion']"
23,"[u'would', u'minority', u'internalization', u'seep', u'ramblings', u'trust', u'peaks', u'slicepineapple', u'hang', u'seasonal', u'participation', u'ice', u'freelance', u'cool', u'soup', u'sf', u'wont', u'cars', u'optimism', u'sciences', u'boundaries', u'cares', u'spirit', u'eid', u'dare', u'omega', u'grudge', u'mass', u'simpsons', u'multitude', u'crippling', u'pac', u'drifting', u'alongside', u'qaq', u'chemistry', u'stat231', u'competencies', u'occupy', u'melodrama', u'averages', u'uw_secret_throwaway', u'syndrome', u'ambassadors', u'wakes', u'taking', u'outsider', u'v1', u'husk']"
24,"[u'whatsoever', u'advisers', u'calc', u'answer', u'chugging', u'dogs', u'demoralizing', u'sun', u'abs', u'psychiatric', u'textbooks', u'wtf', u'highly', u'escape', u'bottom', u'cs246', u'soo', u'dbt', u'laundry', u'tendency', u'troubles', u'potential', u'direction', u'ive', u'instrument', u'fac', u'twenty', u'condolences', u'sector', u'interviewer', u'saf', u'invite', u'supervisor', u'sciatica', u'fair', u'reaffirm', u'insight', u'lucky', u'mishap', u'haul', u'like', u'overtime', u'rule']"
25,"[u'chens', u'vulnerability', u'karim', u'relax', u'dsm', u'noogler', u'tooo', u'mins', u'came', u'calcium', u'ie', u'surround', u'fight', u'panacea', u'flavour', u'cat', u'trauma', u'quite', u'given', u'screen', u'breath', u'pay', u'momentum', u'kills', u'affection', u'darker', u'teeth', u'screwdriver', u'kiosks', u'misery', u'phrase', u'compnay', u'electives', u'yt', u'coping', u'offline', u'terrible', u'performances', u'insane', u'snap', u'disorder', u'nah', u'e', u'essay', u'gf', u'dealt', u'fatigue', u'physicians', u'lists', u'min', u'studying', u'positivity', u'avg', u'sweat', u'deficiency', u'diagnosis']"
26,"[u'doubts', u'void', u'hi', u'cmhr', u'westmount', u'knit', u'gripe', u'personality', u'fri', u'dota', u'catch', u'air', u'cools', u'babies', u'pd20', u'functions', u'war', u'differences', u'reset', u'congratulations', u'derealization', u'brother', u'drinks', u'confidentiality', u'zarathustra', u'ttc', u'james', u'pills', u'es', u'xd', u'drive', u'comp', u'readings', u'rules', u'loo', u'bitchwork', u'castles', u'neurotransmitters', u'aster', u'takethecar', u'version', u'spreadsheet', u'cleansing', u'playing', u'daniel', u'thnx', u'somebody', u'gender', u'duller', u'reactions', u'loopy', u'really', u'ragrets', u'fancy', u'boredom', u'donor', u'fluff', u'rainbows', u'grant', u'blankets', u'garbage', u'frosh', u'chat', u'naw', u'income', u'soul', u'bonds', u'baby', u'stabilizer', u'profile', u'sit', u'pussy', u'holiday', u'ece', u'shell', u'impostor_syndrome', u'props', u'extent', u'transfusion', u'parts', u'mech', u'publicize', u'moments', u'capabilities', u'limitations', u'appt', u'bus', u'editing', u'onwards', u'conclusion', u'repeat']"
27,"[u'secondly', u'hermann', u'pride', u'niche', u'meh', u'changes', u'root', u'meat', u'edit2', u'gov', u'supplementation', u'tha', u'left', u'comments', u'presence', u'daddy', u'sticks', u'papers', u'dies', u'passage', u'pms', u'cold', u'birds', u'facility', u'turd', u'thai', u'ideal', u'impressions', u'residence', u'twin', u'engine', u'purse', u'strain', u'shitttt', u'cliques', u'chiro', u'sides', u'valley', u'af', u'poor', u'numbing', u'follow', u'fergus', u'rather', u'bless', u'weight', u'center', u'gals', u'emails', u'prescription', u'geniuses', u'biking', u'cup', u'pillar', u'wanna', u'twitter', u'partition', u'ambience', u'poverty', u'yeeeeee', u'next', u'invitations', u'tickles', u'interactions', u'playlist', u'vagina', u'embryology', u'bet', u'afraid', u'hearthstone', u'knowledge', u'piano', u'afaik', u'treat', u'coaster', u'deaths']"
28,"[u'trillogy', u'cheesy', u'still', u'sentenc', u'recruiting', u'marriage', u'ibajinx', u'podcasts', u'helplessness', u'saddens']"
29,"[u'street', u'zee', u'went', u'butter', u'keyword', u'alumni', u'chill', u'neat', u'split', u'mic', u'toxic', u'marketing', u'islands', u'fell', u'clue', u'cservices', u'track', u'interviewers', u'examine', u'gifts', u'tv', u'directions', u'quantum', u'labs', u'w', u'reward', u'circle', u'fuq', u'hates', u'mirror', u'dating', u'youtubes', u'outcomes', u'tools', u'pig4', u'exclusion', u'labor', u'mimiviruses', u'institution', u'heightens', u'triples', u'otherwise', u'wreck', u'nevertheless', u'bullshit', u'doesnt']"
30,"[u'smoke', u'room', u'renison', u'think', u'dp', u'bothers', u'child', u'claims', u'sentence', u'stuck', u'suspicions', u'sake', u'emotion', u'sounds', u'sad', u'insanity', u'hybrids', u'fairness', u'crush', u'full', u'phillip', u'goal', u'peeps', u'commiserate', u'startup', u'consuming', u'maintenance', u'guide', u'pet', u'ide', u'afford', u'therapists', u'pmc2908269', u'backwards', u'fuckers', u'priority', u'vs', u'partner', u'lunch', u'january', u'swimming', u'ranks', u'space']"
31,"[u'circumstances', u'memorization', u'jesus', u'inferno', u'attempts', u'mud', u'chappelle', u'trigger', u'locations', u'background', u'understand', u'v', u'editor', u'spring', u'concept', u'skin', u'team', u'water', u'live', u'depressants', u'dinner', u'coworker', u'spot', u'remember', u'remainder', u'urge', u'therapist', u'corner', u'cannot', u'everyday', u'cheery', u'stops', u'throw', u'comparison', u'stand', u'gone', u'videos', u'deserve', u'accounts', u'horror', u'ten', u'section', u'options', u'knows', u'treatments', u'signs', u'participants', u'benefits', u'ncbi', u'demons', u'loop', u'mountain', u'inclination', u'rejection', u'highlight', u'drinking', u'challenge', u'elusion', u'visa', u'roommates', u'leases', u'smash', u'oregano', u'username', u'graphics', u'smoking', u'pauls', u'alot', u'feat', u'ece105', u'pd']"
32,"[u'integrity', u'campaign', u'order', u'allah', u'bad', u'r', u'outcome', u'opportunity', u'assessment', u'us', u'felt', u'trump', u'views', u'hamsterdam', u'profs', u'turkey', u'stranger', u'cream', u'issue', u'airport', u'middle', u'fine', u'platelet', u'alters', u'source', u'train', u'didnt', u'text', u'volunteer', u'identity', u'well', u'passion', u'bud', u'chance']"
33,"[u'ups', u'enjoy', u'engineers', u'subsidized', u'fit', u'bang', u'schools', u'antidepressant', u'theme', u'release', u'bam', u'hygiene', u'bathroom', u'speeches', u'fakes', u'jest', u'severity', u'disguise', u'humanity', u'pmc', u'acidosis', u'hardest', u'allowed', u'nighters', u'dilemma', u'happen', u'engineer', u'gotta', u'topics', u'walking', u'reels', u'preach', u'afterwards', u'daytona', u'pox', u'always', u'inbox', u'quicker', u'mmm', u'beautiful', u'wimbledon', u'hnng', u'sheer', u'dealers', u'runescape', u'vidya', u'knowing', u'whole', u'fire', u'gal', u'grind', u'cheer', u'google', u'mundane', u'commiseration', u'un', u'jumbo', u'structure', u'vice', u'mehdays', u'helps', u'breathing', u'jist', u'reeeeeeee', u'threat', u'depressant', u'feridun', u'bajillion', u'physio', u'dao', u'mate', u'lecture', u'inferiority', u'advisor', u'slides', u'disease', u'bring', u'undergrad', u'fixes', u'btw', u'jog', u'indica', u'thus', u'salaries', u'stories', u'piece', u'goodness']"
34,"[u'companies', u'experimentalist', u'supporters', u'grief', u'hold', u'actuality', u'undergoing', u'bucks', u'mumbo', u'writing', u'schemes', u'hearing', u'meditate', u'downtime', u'survival', u'signal', u'deal', u'core', u'sunday', u'loathe', u'mav', u'matches', u'hall', u'eg', u'fml', u'outlet', u'disappointment', u'anti', u'gist', u'solve', u'greetings', u'mod', u'mondays', u'complete', u'regard', u'politics', u'abyss', u'tackle', u'apartment', u'creatures', u'search', u'zone', u'september', u'suffer', u'style', u'soccer', u'might', u'lookout', u'alcohol', u'depths', u'boulder', u'begins', u'culture', u'dank', u'rip', u'cleaning', u'theorem', u'bf', u'link', u'curb', u'cordova', u'jeez', u'notebook', u'mississauga', u'brink', u'key', u'munich', u'esp', u'freedom', u'spiral']"
35,"[u'shills', u'mess', u'classmates', u'remorse', u'adapt', u'nietzsche', u'affairs', u'website', u'yee', u'dance', u'p', u'topic', u'canada', u'cymbalta', u'wanders', u'weed', u'thinking', u'calmer', u'taste', u'streets', u'lawyer', u'salty', u'hear24', u'funding', u'probability', u'tfw', u'fianc\u01f9', u'lifespan', u'breakup', u'lapse', u'drops', u'regions', u'hurdles', u'books', u'res', u'vent', u'skill', u'recommendation', u'chronic', u'ave']"
36,"[u'machines', u'itunes', u'breathe', u'routines', u'clarity', u'initiative', u'hbu', u'market', u'muay', u'eccentricities', u'strengths', u'professional', u'sentraline', u'images', u'elpe', u'transit', u'texts', u'minimum', u'velocity', u'bare', u'pomodoro', u'bb', u'stricken', u'single', u'looks', u'phdcomics', u'diversity', u'novel', u'almost', u'oops', u'rudyard', u'journal', u'stay']"
37,"[u'suicidal', u'rec', u'nail', u'haze', u'pizza', u'surprise', u'attack', u'academia', u'talkers', u'mcat', u'sorts', u'balance', u'allergies', u'dreams', u'jennifer', u'lows', u'setting', u'manager', u'existentialism', u'agent', u'offense', u'nonstop', u'st', u'definitions', u'factors', u'statistics', u'prehaps', u'professionals', u'hockey', u'transfusions', u'wiki', u'hackathons', u'cities', u'blessing', u'slippery', u'april', u'reminder', u'pile', u'preference', u'scholarships', u'recorder', u'immigrate', u'choo', u'nowadays', u'area', u'sideprojects', u'alright', u'shrooms', u'accessability', u'counselors', u'minor', u'comfort', u'okay', u'solipsism', u'hardwork', u'systems', u'friday', u'imagine', u'b', u'dependent', u'actions', u'community', u'improvement', u'forgiveness', u'development', u'anybody', u'extracurriculars', u'idk', u'icebreaker', u'wonton', u'prescribe', u'survey', u'highs', u'tact', u'registrars', u'torment', u'lectures', u'areas', u'nope', u'reflection', u'become', u'homo', u'lifestyle', u'predictor', u'esteem', u'transfer', u'mechanics', u'identities', u'boom']"
38,"[u'fascination', u'resource', u'vball', u'hahaha', u'paragraph', u'relation', u'anyway', u'glasses']"
39,"[u'children', u'ever', u'warm', u'experts', u'amazing', u'curiosity', u'academics', u'hangout', u'scenes', u'highschooler', u'iirc', u'news', u'breaks', u'shakes', u'item', u'standards', u'teacher', u'heard', u'professors', u'petition', u'pennylost12345', u'possibility', u'label', u'reading', u'parent', u'countless', u'sickness', u'breakdowns', u'touch', u'versa', u'tuition', u'stone', u'ok', u'journey', u'image', u'theoretically', u'technically', u'introspection', u'edited', u'sucks', u'history', u'biography', u'court', u'plans', u'undergrads', u'dread', u'egg', u'dough', u'researcher', u'needless', u'unsure', u'meal', u'iron', u'meeting', u'moderation', u'eigenvectors', u'matters', u'achievers', u'girlfriends', u'nice', u'failures', u'havent', u'great', u'bent', u'pieces', u'society', u'aspiring', u'route', u'racist', u'males', u'mornings', u'spirits', u'chances', u'lifestyles', u'overall', u'words', u'tailspin', u'approval', u'strains', u'addition', u'tas', u'autism', u'ofc', u'whatever', u'loss', u'loner', u'soudns']"
40,"[u'dq', u'leaves', u'ops', u'test', u'decisions', u'access', u'see', u't_t', u'allnighter', u'mil', u'fighting']"
41,"[u'risk', u'hospital', u'eng', u'fam', u'expectancy', u'rater', u'addict', u'advisors', u'ahahahahahaha', u'folks', u'hackerrank', u'drugs', u'slab', u'bpd', u'dollars', u'classmate', u'entrance', u'fortunately', u'non', u'concern', u'aura', u'psychiatrists', u'relief', u'power', u'fraud', u'tricks', u'curve', u'chinese', u'threads', u'bland', u'algorithms', u'art', u'dominatrixes', u'reasons', u'political', u'engg', u'skype', u'decision', u'warnings', u'pros', u'consultation', u'line', u'reel', u'professor', u'users', u'anotha', u'graduating', u'makes', u'hands', u'flair', u'messenger', u'outline', u'neet', u'mid', u'heartbreaks', u'joy', u'ball', u'details', u'turbulence', u'lost', u'tmr', u'eat', u'u', u'frankfurt']"
42,"[u'even', u'hurt', u'deserving', u'despair', u'excel', u'yup', u'deprivation', u'stupid', u'sport', u'cigs', u'phys115', u'nose', u'seconds', u'hmmmmmm', u'march', u'spending', u'truth', u'atmosphere', u'lazy', u'javascript', u'table', u'cruel', u'works', u'tumblr', u'champ']"
43,"[u'law', u'types', u'break', u'saturday', u'disaster', u'triggers', u'np', u'change', u'spurts', u'sessions', u'torch', u'hurts', u'amp', u'communication', u'buds', u'sadness', u'tendencies', u'base', u'guess', u'kitchener', u'poster', u'warning', u'code', u'subreddit', u'account', u'control', u'instance', u'pd1', u'scares', u'sister']"
44,"[u'second', u'errors', u'adult', u'feedback', u'thesis', u'fellas', u'hopeless', u'incompetent', u'cant', u'omg', u'here247', u'opinions', u'boost', u'dosage', u'suck', u'acknowledge', u'meme', u'cope', u'icon', u'wake', u'ftfy', u'semesters', u'oil', u'harrigan55', u'superiority', u'passions', u'spicy', u'girlfriend', u'pretense', u'male', u'csc', u'travelling', u'officers', u'physics', u'individual', u'pictures', u'corruption', u'strategy', u'affectionate', u'towns', u'task', u'hometown', u'sir', u'attend', u'agenda', u'references', u'sobs', u'memes', u'stride', u'staff', u'october', u'stats', u'ctci', u'trap', u'spell', u'medications', u'kinda', u'exposure']"
45,"[u'sju', u'hole', u'reader', u'irl', u'nature', u'zuckerberg', u'halfway', u'humblebrag', u'woman', u'ohip', u'wallowing', u'expansion', u'brand']"
46,"[u'chen', u'travel', u'ton', u'phase', u'choooooo', u'o_o', u'conference', u'tutorial', u'peronium1', u'potato', u'sigh', u'cost', u'suggestion', u'motherfuckers', u'twenties', u'ssris', u'correlation', u'poll', u'parties', u'pool', u'relaxation', u'stick', u'attitude', u'vomit', u'truths', u'evaluation', u'dons', u'statement', u'play', u'paranoid', u'cry', u'vitamins', u'boys', u'authority', u'crop', u'wallet', u'panic', u'punish', u'agreed', u'wall', u'hmm', u'happens', u'desires', u'gooooood']"
47,"[u'crises', u'whatnot', u'asses', u'third', u'fil', u'eventually', u'revenge', u'girls', u'minus', u'effectiveness', u'spite', u'result', u'uni', u'sol', u'adviser', u'excellence', u'trend', u'transportation', u'franco', u'prove', u'ideation', u'eyeballs', u'honest', u'cards', u'shitpool', u'slot', u'crime', u'region', u'mang', u'breakdown', u'model', u'complain', u'gonna', u'_', u'bandaids', u'ign', u'deadline', u'reasoning', u'component', u'clique', u'blood', u'call', u'ya', u'hackathon', u'flashbacks', u'dont', u'fees', u'useless', u'province', u'pretty', u'adulthood', u'laurier', u'fiance', u'cif', u'meaning', u'positions', u'suiciidality', u'kickstarter', u'regards', u'receptionist', u'responses', u'waste', u'headspace', u'encouragement', u'party', u'sexists', u'tight', u'frustration', u'june', u'status']"
48,"[u'insecurity', u'arms', u'lay', u'therecord', u'downside', u'grave', u'fields', u'mum', u'boss', u'remind', u'guys', u'furthermore', u'programming', u'butterflies', u'dream', u'lease', u'mighty', u'thrill', u'pointers', u'mechanism', u'bedroom', u'add']"
49,"[u'credit', u'cigarettes', u'assaults', u'earth', u'steam', u'psych', u'poser', u'officer', u'tennis', u'avail', u'row', u'majors', u'population', u'warriors', u'online', u'treasure', u'learning', u'buddies', u'calls', u'lie', u'afsa', u'load', u'signals', u'fast', u'race', u'tuesday']"
