0,"[u'life', u'people', u'time']"
1,"[u'year', u'lot', u'someone', u'something', u'day', u'friends']"
2,"[u'school', u'work', u'things', u'way', u'term', u'thing', u'week', u'services', u'job']"
3,"[u'days', u'everything', u'coop', u'effort', u'years', u'course', u'doctor', u'program', u'hours', u'family', u'everyone', u'health', u'co', u'cs']"
4,"[u'grades', u'thanks', u'shit', u'marks', u'exams', u'friend', u'average', u'idea', u'reason', u'part', u'bit', u'anything', u'assignments', u'university', u'math', u'times', u'class']"
5,"[u'anyone', u'students', u'problems']"
6,"[u'night', u'op', u'hour', u'kind', u'point', u'person', u'others', u'exam']"
7,"[u'mind', u'today', u'one', u'situation']"
8,[u'assignment']
9,"[u'months', u'world', u'student', u'prof', u'resources', u'depression']"
10,"[u'weeks', u'com', u'support', u'interview', u'jobs', u'gt', u'try']"
11,"[u'thoughts', u'waterloo']"
12,[u'keep']
13,"[u'study', u'side', u'weekend', u'fuck', u'man', u'ones', u'place', u'mom', u'luck', u'start', u'month', u'etc', u'sense', u'feel', u'interviews', u'please', u'case', u'confidence', u'issues', u'notes', u'stuff', u'campus']"
14,"[u'service', u'train', u'powder']"
15,"[u'psychiatrist', u'appointment', u'symptoms', u'schedule']"
16,"[u'strength', u'findings', u'darkness']"
17,"[u'anxiety', u'stress', u'help', u'courses', u'nothing', u'parents', u'home']"
18,"[u'sleep', u'peers', u'talk', u'meditation', u'degree', u'book']"
19,"[u'girls', u'wear', u'guide']"
20,"[u'music', u'struggle', u'top', u'midterms', u'games', u'post', u'half', u'advice', u'hell', u'let', u'counselling', u'questions', u'education']"
21,"[u'calcium', u'chart', u'husk', u'trials']"
22,"[u'impediment', u'center']"
23,"[u'interest', u'hand', u'guy', u'deserve', u'rate', u'experiences', u'practice', u'poetry', u'agenda', u'hands']"
24,"[u'shoot', u'dear', u'trash', u'tact', u'mode']"
25,"[u'thereof', u'youre', u'yes', u'hairs', u'pure', u'instrument', u'texts']"
26,"[u'coffee', u'date', u'maybe', u'perspective', u'brain']"
27,"[u'end', u'classes', u'feeling', u'success', u'group', u'care', u'experience', u'relationship', u'motivation', u'feels', u'uw', u'bed', u'problem']"
28,[u'intake']
29,"[u'silence', u'notebooks', u'organ']"
30,"[u'vulnerability', u'demoralizing', u'skin', u'winter', u'workload', u'shot', u'tv', u'circle', u'supervisor', u'career']"
31,"[u'earth', u'jest', u'peanut', u'kygo']"
32,"[u'holy', u'starts', u'manner', u'bomb', u'dr', u'ambitions', u'game', u'breaks', u'accomplishments', u'roll', u'online', u'professional', u'review', u'full', u'fb', u'fine', u'collaboration', u'lucky']"
33,"[u'concept', u'lady']"
34,"[u'therapy', u'resume', u'appointments', u'hopefully', u'reddit', u'terms', u'antidepressants', u'minute', u'groups', u'counsellor', u'name', u'yeah', u'future', u'summer', u'science', u'ass', u'mine', u'fun', u'moment', u'results', u'process', u'hesitate', u'thought', u'position', u'happiness']"
35,"[u'somehow', u'teeth', u'averages', u's2xtra_wpao']"
36,"[u'pace', u'overtime']"
37,"[u'feelings', u'gym', u'medication', u'money', u'energy', u'plan', u'system', u'need']"
38,"[u'net', u'experimentalist', u'kids', u'whining', u'stop', u'ira', u'board', u'pain', u'flavour', u'check', u'brother', u'resource', u'learn', u'satisfaction', u'court', u'quote', u'actions', u'fluff', u'anymore', u'dating', u'onenote', u'idk', u'ahhh', u'e', u'practicing', u'honestly', u'tonight', u'counsellors', u'construction', u'conclusion']"
39,"[u'uniform', u'geomatics', u'pros']"
40,"[u'solution', u'city', u'number', u'couple', u'exercise', u'cause', u'routine']"
41,"[u'cali', u'mumbo', u'boss', u'medicating', u'war', u'failure', u'asap', u'tackle', u'deadline', u'screwdriver', u'quicker', u'might', u'tools', u'indica', u'bell', u'sexists']"
42,"[u'china', u'dosage', u'definitions', u'stops', u'forget', u'emails', u'owen', u'mid']"
43,"[u'pharmacy', u'standards', u'semesters', u'town', u'notch', u'pet', u'trinity']"
44,"[u'attacks', u'heart', u'options', u'phrase', u'go', u'video', u'girl']"
45,"[u'kid', u'wake', u'protein', u'velocity', u'bill', u'chicken']"
46,"[u'sju', u'tinder', u'evidence', u'us', u'wanders', u'disappointment', u'barbells', u'pdfs', u'comfort', u'call', u'hackathon', u'friday', u'writer', u'salaryman', u'java', u'meeting', u'older', u'women', u'youtubes', u'affective', u'deadlines', u'playlist', u'min', u'insight', u'overall', u'helpline', u'turbulence', u'sister', u'predictor', u'gap']"
47,"[u'even', u'new', u'tried', u'reader', u'spite', u'country', u'wasting', u'making', u'blow', u'shrooms', u'elpe', u'meet']"
48,"[u'lmao', u'changing', u'subreddit']"
49,"[u'type', u'example', u'right', u'harm', u'projects', u'paper', u'goals']"
50,"[u'prehaps', u'volunteer', u'pen', u'varies']"
51,"[u'yesterday', u'body', u'bunch', u'computer']"
52,[u'dropboxes']
53,"[u'adviser', u'muay', u'edit2', u'hit']"
54,"[u'feedback', u'ariana', u'choice', u'shitpool', u'solve', u'taylor', u'chatter', u'labor', u'spirits', u'heightens']"
55,[u'good']
56,"[u'haze', u'planner', u'leases', u'paragraph', u'dons', u'corruption', u'long']"
57,"[u'already', u'clarity', u'thx', u'gripe', u'plenty', u'grateful', u'chair', u'clue', u'weekdays', u'colourfulskies97', u'insanity', u'gist', u'loo', u'bitchwork', u'transit', u'crippling', u'attitude', u'fianc', u'courseload', u'achievers', u'occupy', u'seconds', u'relevant', u'wall', u'subscribe', u'mistakes', u'employment', u'weekends', u'space']"
58,"[u'skills', u'writing', u'assaults', u'inferno', u'deal', u'clubs', u'reality', u'love', u'intramurals', u'language', u'rest', u'cancer', u'rules', u'area', u'kw', u'crispr', u'use', u'sort', u'atmosphere', u'cousin']"
59,"[u'break', u'engagement', u'episode', u'descent', u'manager', u'battle', u'suicide', u'therapist', u'buddies', u'faculty', u'mental', u'ask', u'intelligence', u'alternative', u'highlight', u'bloodwork', u'addition', u'http']"
60,[u'north']
61,"[u'adhd', u'get', u'difference', u'habits', u'warning']"
62,"[u'grade', u'im', u'steps', u'environment', u'concern', u'research', u'story', u'fiance', u'conversation', u'figure', u'hey']"
63,"[u'dsm', u'integrity', u'outcome', u'hackerrank', u'monster', u'torture', u'bullshit', u'notices', u'convince']"
64,"[u'conference', u'bullet', u'level', u'pre', u'housing']"
65,"[u'chen', u'sentence', u'scholarships', u'mall', u'marriage', u'breakup', u'hmm']"
66,"[u'season', u'head', u'word', u'wait', u'club', u'arts', u'treatment', u'tomorrow', u'none', u'guess', u'question', u'facebook', u'front', u'value', u'edit']"
67,"[u'report', u'stream', u'mood', u'respect', u'company', u'nobody', u'places', u'progress']"
68,"[u'peaks', u'thy', u'zarathustra', u'blacklist', u'ability', u'streaking', u'grind', u'letter', u'counter', u'shitstorm']"
69,"[u'remorse', u'papers', u'facility', u'sanity', u'gf']"
70,"[u'hospital', u'mud', u'happen', u'turkey', u'decision', u'cirucmstances']"
71,"[u'secondly', u'niche', u'breathe', u'regrets', u'concepts', u'curiosity', u'attempt', u'adapt', u'ramblings', u'pity', u'psychologists', u'pregnancy', u'editor', u'dick', u'fell', u'variable', u'turns', u'targets', u'reply', u'verge', u'pills', u'possibility', u'quite', u'doenst', u'sounds', u'walking', u'corner', u'direction', u'internship', u'autoimmune', u'abyss', u'fairness', u'fan', u'streets', u'productivity', u'grande', u'bowen', u'commiserate', u'concentration', u'obviously', u'afsa', u'startup', u'shower', u'vitamins', u'sobs', u'skype', u'scale', u'poster', u'alarm', u'cell', u'started', u'truth', u'vagina', u'close', u'anyway', u'stats', u'stores', u'extension', u'tight', u'boom', u'ranks']"
72,"[u'ambassadors', u'quality', u'wakes', u'responses']"
73,"[u'triggers', u'technically', u'rather', u'mindset', u'data', u'bondi', u'distribution']"
74,"[u'hygiene', u'needles', u'tonne', u'memory', u'suck', u'sf', u'eh', u'population', u'loathe', u'card', u'sector', u'chat', u'holiday', u'afraid', u'kings', u'like', u'tmr', u'editing']"
75,"[u'unmoving', u'ccf', u'choo', u'researcher', u'bless', u'ptsd', u'income', u'snacks']"
76,"[u'buddy', u'grief', u'compassion', u'memorization', u'fields', u'humanity', u'www', u'crisis', u'depressants', u'cornwall', u'boundaries', u'engine', u'events', u'councillors', u'method', u'reclusion', u'grant', u'step', u'ambience', u'got', u'bent', u'racist', u'vent', u'present']"
77,"[u'basis', u'mediocre', u'miles', u'slope', u'communication', u'tendencies', u'gpa', u'mighty', u'champ', u'piece']"
78,"[u'join', u'mean', u'pop']"
79,"[u'warm', u'undergrads', u'useless', u'determination', u'great', u'next', u'sis', u'headspace']"
80,"[u'whatsoever', u'inability', u'test', u'reach', u'algorithms', u'depersonalization', u'existent', u'win', u'receptionist', u'kipling', u'dreariness']"
81,"[u'technique', u'drama', u'grandma', u'strategies', u'w', u'probability', u'sometimes', u'connections', u'disorder', u'lines', u'dad', u'hs', u'state', u'well', u'stage', u'minutes', u'kinds']"
82,"[u'relationships', u'hermann', u'friendships', u'bro', u'saturday', u'guilt', u'uni', u'opportunity', u'candidate', u'son', u'form', u'countless', u'outlook', u'condition', u'complain', u'ugh', u'crap', u'control', u'links', u'listless', u'roommates', u'musks', u'wonders']"
83,"[u'mm', u'expectations', u'news', u'logic', u'seattle', u'drive', u'psychiatrists', u'mon', u'fears', u'strains', u'autism']"
84,"[u'haha', u'fit', u'scenario', u'toaster', u'comp', u'capability', u'paranoia', u'engg', u'prospects', u'never', u'footage']"
85,"[u'toll', u'academics', u'shakes', u'despair', u'panacea', u'discover', u'hall', u'ideas', u'dates', u'ftfy', u'bitch', u'issue', u'binders', u'sucks', u'thnx', u'interviewer', u'mountain', u'helps', u'watch']"
86,"[u'balance', u'setting', u'dread', u'residence', u'sentenc', u'identity']"
87,"[u'pizza', u'statement']"
88,"[u'forgot', u'eternity', u'miley', u'hardwork', u'negligence']"
89,"[u'supporters', u'mum', u'pd20', u'cities', u'ontario']"
90,"[u'matter', u'counselor', u'engineering', u'face', u'view']"
91,"[u'bottom', u'skew', u'become']"
92,"[u'relief', u'twenty', u'flies', u'arrangement']"
93,"[u'spoke', u'types', u'fix', u'expectancy', u'dog', u'roller', u'neat', u'hang', u'tricking', u'marketing', u'item', u'thru', u'tendency', u'views', u'sciences', u'strengths', u'woman', u'backlash', u'eye', u'minimum', u'option', u'stricken', u'hometown', u'deals', u'challenge', u'tbh', u'whatever', u'van']"
94,"[u'ever', u'would', u'root', u'subject', u'trust', u'yep', u'feat', u'matches', u'maturity', u'stretch', u'pan', u'greetings', u'shortcoming', u'omega', u'complete', u'regard', u'zone', u'supplements', u'athletics', u'reactions', u'peeps', u'flight', u'rip', u'regardless', u'blankets', u'snap', u'continue', u'therapists', u'congrats', u'makes', u'psychiatric', u'inferiority', u'phdcomics', u'lists', u'partner', u'fighting', u'scent', u'capabilities', u'liking', u'wise', u'gay']"
95,"[u'lack', u'yt']"
96,"[u'sorry', u'order', u'rater', u'core', u'trouble', u'dude', u'remember', u'statistics', u'uwaterloo', u'middle', u'cheery', u'lol', u'list', u'methods', u'race', u'healthcare', u'addiction', u'punish', u'mechanism', u'visa']"
97,"[u'hole', u'signing', u'uw_secret_throwaway', u'swindlers', u'emergencies', u'pennylost12345', u'jump', u'ionic', u'aww', u'gene']"
98,"[u'amazing', u'fil', u'roommate', u'shittiness', u'affairs', u'dbt', u'map', u'midnight', u'motions', u'sideprojects', u'physio', u'society', u'page']"
99,"[u'latter', u'survival', u'specific', u'cool', u'impostors', u'er', u'emotion', u'fml', u'message', u'outlet', u'pill', u'endeavors', u'damn', u'disclosure', u'poverty', u'opinion', u'bet']"
100,"[u'advisers', u'routines', u'attempts', u'libido', u'rape', u'ties', u'achievements']"
101,"[u'cigarettes', u'yea', u'charge', u'ahaha', u'hamster', u'c', u'meaning', u'ibajinx', u'move', u'movie', u'beat', u'deaths']"
102,"[u'actuality', u'phase', u'bothers', u'trial', u'runners', u'urge', u'throw', u'pulp', u'component', u'two', u'systems', u'notify', u'platelet', u'affectionate', u'department', u'threat', u'surface', u'engage', u'pussy', u'stomach', u'publicize', u'ece105']"
103,"[u'thank', u'optimism', u'death', u'male', u'cuz', u'schoolwork', u'pmc2908269', u'priority', u'interests', u'hope', u'walk', u'waste']"
104,"[u'best', u'suggestion', u'topic', u'poll', u'food', u'oh', u'field', u'ta', u'towards', u'look', u'line', u'afm']"
105,"[u'propane', u'summarize', u'alumni', u'gta', u'receipt', u'deprivation', u'anti', u'aura', u'phys115', u'speed', u'tl', u'march', u'link', u'breathing', u'depressant', u'feminists', u'procrastination', u'rez', u'impostor_syndrome', u'combat', u'muscle']"
106,"[u'experts', u'undergoing', u'jesus', u'bridge', u'steam', u'incompetent', u'cherry', u'individuals', u'update', u'bomber', u'transportation', u'live', u'medications', u'meme', u'cymbalta', u'warriors', u'crime', u'reels', u'learning', u'sound', u'aspects', u'pomodoro_technique', u'material', u'knows', u'compnay', u'really', u'nights', u'runescape', u'headway', u'mirror', u'rut', u'experiment', u'slacker', u'drinker', u'pd1', u'brink', u'tend', u'grindstone', u'graphics', u'happens', u'inbox', u'pd', u'monday', u'kinda']"
107,"[u'brings', u'soooo', u'memories', u'essay', u'sia', u'choose', u'persistence']"
108,"[u'lump', u'schemes', u'troughs', u'doc', u'bonuses', u'downtime', u'lows', u'drop', u'hockey', u'follow', u'search', u'misery', u'blood', u'evening', u'officers', u'physics', u'wander', u'tumbler']"
109,"[u'tickets', u'coward', u'drugs', u'instance', u'approval', u'matcha']"
110,"[u'cbt', u'lawyer', u'frosh', u'tldr']"
111,"[u'emotions', u'tips']"
112,"[u'chugging', u'quit', u'dota', u'derealization', u'spot', u'eccentricities', u'ex', u'org', u'grudge', u'sentences', u'articles', u'bring', u'figures']"
113,"[u'talkers', u'filler', u'entrance', u'ssris', u'outrage', u'profiles', u'sickness', u'sentraline', u'videos', u'terriblehack', u'scientist', u'sluggishness', u'art', u'preference', u'institution', u'stat']"
114,"[u'votes', u'risk', u'minority', u'fall', u'addict', u'theme', u'claws', u'shame', u'christmas', u'sign', u'eyeballs', u'stipulation', u'successes', u'gifts', u'cups', u'beginning', u'feelsgoodman', u'community', u'admission', u'hates', u'suffering', u'bf', u'planet', u'bones', u'exclusion', u'qa', u'oops', u'burden', u'sweat', u'bud', u'rule']"
115,"[u'children', u'noogler', u'condolences', u'reel', u'hobby']"
116,"[u'freelance', u'pretty', u'havent']"
117,"[u'wednesday', u'interns', u'jobmine', u'hrs', u'disaster', u'result', u'make', u'piazza', u'ice', u'majors', u'sports', u'may', u'obsession', u'yup', u'thai', u'saw', u'dream', u'proud', u'ukulele', u'sadness', u'version', u'airport', u'flashbacks', u'load', u'engsoc', u'looks', u'backwards', u'management', u'gray', u'grad', u'drug', u'wreck', u'loner', u'record']"
118,"[u'initiative', u'potato', u'bland', u'bare', u'info', u'june']"
119,"[u'allah', u'processing', u'files', u'users', u'podcasts']"
120,"[u'boyfriend', u'programs', u'advantage', u'_', u'semester', u'meds', u'purpose', u'email']"
121,"[u'pride', u'force', u'third', u'ton', u'security', u'prove', u'killer', u'treasure', u'twin', u'homework', u'good2talk', u'bonus', u'girlfriends', u'an_open_letter_to_the_first_years', u'account', u'lapse', u'degrees', u'dao', u'fixes', u'comment', u'walks', u'ofc']"
122,"[u'mess', u'listen', u'points', u'bpd', u'comments', u'rerouting', u'boost', u'cards', u'potential', u'comparison', u'threads', u'kickass', u'playing', u'foot', u'league', u'kick', u'britney', u'delay', u'books', u'discrimination', u'hr']"
123,"[u'tole', u'cmhr', u'revenge', u'release', u'officer', u'prom', u'everyday', u'holes', u'pool', u'response', u'benefits', u'store', u'ncbi', u'factor', u'context', u'coops', u'forgiveness', u'chris', u'cleaning', u'location', u'bc', u'authority', u'jeez', u'pig4', u'light', u'messenger', u'fair', u'shell', u'videogames', u'tenure', u'employer', u'harder', u'ivory']"
124,"[u'worth', u'seep', u'ill', u'catch', u'spring', u'approach', u'guarantee', u'formula', u'rink', u'eid', u'always', u'mondays', u'buzzword', u'occasions', u'prescription', u'copiers', u'hmmmmmm', u'scrub', u'katy', u'error']"
125,"[u'habit', u'fail', u'trend', u'icon', u'gen', u'mark', u'business', u'graduate', u'pun', u'play', u'stack', u'wheeeeee', u'peace', u'dealt', u'stabilizer', u'key', u'bus']"
126,"[u'recovery', u'mcat', u'cliche', u'row', u'transplant', u'car', u'agent', u'zuckerberg', u'performance', u'ways', u'industry', u'minor', u'feet', u'see', u'interviewees', u'impression', u'apps']"
127,"[u'timers', u'super', u'_____', u'take', u'funny']"
128,"[u'cons', u'pick', u'remind', u'xd', u'examine', u'icebreaker', u'suite', u'profile', u'mimiviruses', u'fifties', u'desk']"
129,"[u'chappelle', u'smash', u'background', u'team', u'remainder', u'spicy', u'v', u'plans', u'loop', u'drinking', u'stand', u'recommendations']"
130,"[u'illness', u'didnt', u'agency']"
131,"[u'surprise', u'mic', u'ive', u'correlations', u'swimming']"
132,"[u'saved', u'trillogy', u'household', u'knit', u'hopeless', u'observer', u'o_o', u'substance', u'toxic', u'nerve', u'reset', u'afternoon', u'tries', u'recover', u'region', u'nowadays', u'project', u'idiot', u'bandaids', u'fav', u'caffeine', u'relaxation', u'lifestyles', u'spending', u'prescribe', u'manage', u'distractions', u'youtube', u'triples', u'surge', u'percent']"
133,"[u'dp', u'seasonal', u'efforts', u'cost', u'suicides', u'impressions', u'pok', u'cambridge', u'mass', u'numbing', u'recruiting', u'culture', u'individual', u'extracurriculars', u'eval', u'wonton', u'outcomes', u'verity', u'prognosis', u'alot', u'pdf']"
134,"[u'fellas', u'victories', u'scenes', u'nut', u'relative', u'escape', u'nighters', u'bursaries', u'vote', u'quagmire', u'safety', u'edited', u'access', u'attention', u'rejection', u'torment', u'studying', u'haul']"
135,"[u'posts', u'cares', u'purse', u'particle', u'bruh', u'single', u'bonds', u'regions', u'repercussions', u'chapters', u'means', u'site']"
136,"[u'image', u'invite']"
137,"[u'antidepressant', u'tennis', u'petition', u'calls', u'github', u'wimbledon']"
138,[u'desires']
139,"[u'hate', u'companies', u'consistent', u'chill', u'hurts', u'blessing', u'competition', u'brush', u'source', u'feridun', u'mil', u'otherwise', u'parts', u'hitter']"
140,"[u'highschooler', u'yee', u'jennifer', u'hear24', u'advance', u'sad', u'freshman', u'hackathons', u'notice', u'policies', u'presentation', u'advise', u'anybody', u'proof', u'lazy']"
141,"[u'law', u'bad', u'faster', u'tears', u'freaking', u'stranger', u'media', u'lookout', u'doctors', u'set', u'pointers', u'smoking', u'moments', u'lives']"
142,"[u'adult', u'butter', u'keyword', u'fucks', u'nogf', u'iirc', u'irl', u'otherkins', u'cycle', u'here247', u'umm', u'avail', u'bury', u'cars', u'programming', u'marijuana', u'afterwards', u'slippery', u'fraud', u'gone', u'building', u'fam', u'ticket', u'creatures', u'travelling', u'hamsters', u'unsure', u'whole', u'likes', u'moderation', u'cheer', u'inclination', u'cif', u'commiseration', u'naw', u'highs', u'transfusion', u'ctci']"
143,"[u'schooling', u'advisors', u'randoms', u'curriculum', u'given', u'wiki', u'pox', u'actually', u'b', u'reasons', u'structure', u'elusion', u'portfolio']"
144,"[u'room', u'imo', u'amazement', u'impostor', u'catching', u'somebody', u'sex', u'cup']"
145,"[u'hurt', u'internalization', u'boring', u'could', u'market', u'first', u'chiro', u'moves', u'neurotransmitters', u'clique', u'consuming', u'fortenshi', u'suiciidality', u'javascript', u'frustration']"
146,"[u'phone', u'counseling', u'share', u'morning', u'midterm', u'software']"
147,"[u'want', u'bitter', u'focus', u'laundry', u'outside', u'horror', u'toxicity', u'vomit', u'bird', u'struggles', u'eyes', u'library']"
148,"[u'september', u'brand']"
149,"[u'academia', u'dollars', u'acceptances', u'mistborn', u'registrars']"
150,"[u'makeup', u'activities', u'activity', u'wow']"
151,"[u'homie', u'r', u'nightmares', u'blonde', u'opportunities', u'suffer', u'essays']"
152,[u'goddamn']
153,"[u'disorders', u'workshops', u'journey', u'ya', u'sheer', u'invitations', u'positivity', u'diagnosis']"
154,"[u'god', u'offer', u'sessions', u'cat', u'employers', u'hopeful', u'words', u'btw']"
155,"[u'change', u'profs', u'hobbies', u'suggestions', u'read']"
156,"[u'every', u'credit', u'schools', u'cools', u'ops', u'poser', u'signal', u'notepad', u'crush', u'blunder', u'donor', u'me115', u'forward', u'apple', u'philosophy', u'ece', u'regularly']"
157,"[u'office', u'trump', u'non', u'fruit', u'code', u'lt', u'interactions']"
158,"[u'dogs', u'butterflies', u'interviewers', u'valley', u'okay', u'reaffirm']"
159,"[u'changes', u'hi', u'meat', u'rat', u'tech', u'sake', u'cold', u'clearer', u'hematologist', u'screen', u'honesty', u'darker', u'mentality', u'checkboxes', u'pack', u'encouragement', u'scares']"
160,"[u'itunes', u'folks', u'twenties', u'fergus', u'run', u'drops']"
161,"[u'thankfully', u'procrastinator', u'rmb', u'anyways', u'august', u'symbolism', u'information', u'client', u'web', u'acceptance']"
162,"[u'took', u'choooooo', u'compensation', u'cant', u'psych', u'role', u'living', u'mindfulness', u'consultation', u'beginners', u'finals', u'treatments', u'loopy', u'evaluation', u'labs', u'back', u'algorithm', u'wave', u'advisor', u'staff', u'conditions', u'grail']"
163,"[u'hearing', u'wikipedia', u'sorts', u'functions', u'excel', u'truck', u'tower', u'style', u'fancy', u'barely', u'melodrama', u'fatigue', u'mech']"
164,"[u'appetite', u'plea', u'jumping', u'grave', u'came', u'locations', u'leaves', u'split', u'contact', u'left', u'disguise', u'shitty', u'sigh', u'everybody', u'cav', u'nonstop', u'ttc', u'canada', u'furthermore', u'ideal', u'math239', u'cannot', u'cigs', u'worry', u'reminder', u'stone', u'airline', u'ad', u'apartment', u'action', u'broke', u'solipsism', u'signs', u'gender', u'phil', u'begins', u'consistency', u'sighs', u'downhill', u'visas', u'mock', u'sciatica', u'tickles', u'neet', u'highschool', u'text', u'tailspin', u'heartbreaks', u'yay', u'skill', u'tests', u'recommendation', u'proofs', u'bitches', u'identities', u'alright']"
165,"[u'renison', u'men', u'hannah', u'write', u'pounds', u'chinese', u'responsibility', u'weight', u'perfume', u'graduating', u'pencil', u'passion']"
166,"[u'effects', u'bs', u'track', u'evenings', u'venting', u'doubt', u'infection', u'clarkson', u'canadians']"
167,"[u'july', u'textbooks', u'nature', u'cope', u'sufferings']"
168,"[u'asses', u'deserving', u'effectiveness', u'extent', u'dinner', u'trauma', u'salutation', u'momentum', u'nutrients', u'nooo', u'taste', u'fees', u'lie', u'hires', u'performances', u'celebrities', u'jumbo', u'survey', u'pdst', u'toy', u'sir', u'mastery', u'res', u'match', u'implement', u'onwards']"
169,"[u'electives', u'pits', u'expansion']"
170,"[u'halivera', u'chem', u'insecurity', u'travel', u'answer', u'classmates', u'george', u'therecord', u'hangout', u'fri', u'trigger', u'ditto', u'daddy', u'professors', u'factors', u'turd', u'apples', u'transfusions', u'college', u'passions', u'theoretically', u'castles', u'decisions', u'needs', u'proxy', u'boredom', u'gals', u'province', u'coaster', u'find', u'enemy', u'distress', u'fire', u'facade', u'rid', u'development', u'discipline', u'mundane', u'partition', u'suffers', u'kickstarter', u'thrill', u'york', u'intentions', u'piano', u'undergrad', u'taking', u'puff', u'wtf', u'afaik', u'crowdmark', u'almost', u'thus', u'party', u'add', u'esteem', u'stay']"
171,"[u'coding', u'oil', u'dealers', u'ceca', u'assuming']"
172,"[u'enjoy', u'saddens']"
173,"[u'shills', u'personality', u'trucks', u'felt', u'reviews', u'values', u'topics', u'correlation', u'stupid', u'nose', u'banks', u'friendship']"
174,"[u'csc', u'lawyers', u'task']"
175,"[u'glhf', u'calm', u'eg', u'internet', u'worries', u'acquaintances', u'fast', u'rush', u'chemistry', u'emergency', u'stem', u'failures', u'power', u'joke', u'tas', u'effect', u'lifestyle', u'freedom', u'soudns', u'spiral']"
176,"[u'arms', u'sun', u'dilemma', u'differences', u'congratulations', u'pms', u'episodes', u'es', u'readings', u'introspection', u'kiosks', u'shits', u'goal', u'terrible', u'alters', u'compromises', u'pillar', u'baby', u'courage', u'doesnt', u'disease']"
177,"[u'understand', u'sticks', u'drinks', u'af', u'section', u'insane', u'sub', u'wanna', u'lunch', u'works']"
178,"[u'surround', u'investment', u'forgotten', u'aspiring', u'accident']"
179,"[u'campaign', u'browse', u'toronto', u'ok', u'past', u'levels', u'abilities']"
180,"[u'reports', u'hold', u'presence', u'elon', u'acknowledge', u'bowl', u'versa', u'towns', u'meals', u'withdrawal', u'fuckboy']"
181,"[u'excellent', u'seminars', u'preferences', u'claims', u'cheesy', u'label', u'shopping', u'pay', u'touch', u'improvement', u'calmer', u'history', u'offline', u'drifting', u'eigenvectors', u'ohip']"
182,"[u'aka', u'combination', u'content', u'testing', u'lots', u'physician', u'allergies', u'studies', u'guys', u'door', u'excuse', u'yo', u'threaten', u'mate', u'diversity', u'deficiency']"
183,"[u'errors', u'accounting', u'tray']"
184,"[u'plate', u'omg', u'prescriptions', u'seniors', u'chronic']"
185,"[u'basketball', u'gwen', u'stimuli', u'herpes', u'fight', u'expectation', u'period', u'halfway', u'spice', u'politics', u'boulder', u'sunny', u'maintenance', u'nice', u'marrow', u'embryology', u'males', u'placement', u'bedroom', u'areas', u'mishap', u'periods']"
186,"[u'bone', u'dreams', u'thinking', u'pm', u'geez', u'mornings', u'mechanics']"
187,"[u'street', u'bucks', u'likelyhood', u'acme', u'slc', u'opinions', u'teacher', u'confidentiality', u'franco', u'soup', u'heard', u'birds', u'wont', u'hamsterdam', u'professionals', u'parent', u'reaction', u'reasonableness', u'hybrids', u'harrigan55', u'pockets', u'affection', u'strangers', u'ten', u'functioning', u'mmm', u'pretense', u'lease', u'tfw', u'pd2', u'genes', u'indefinite', u'rewrite', u'stat231', u'sight', u'afford', u'vice', u'cordova', u'notebook', u'memes', u'put', u'fuckers', u'loves', u'lectures', u'handle', u'october', u'joy', u'treat', u'lost', u'january', u'transfer', u'spell']"
188,"[u'lay', u'subsidized', u'vitamin', u'water', u'fortunately', u'honest', u'oath', u'sure', u'notifications', u'show', u'resentment', u'pile', u'song', u'ragrets', u'signals', u'google', u'pieces', u'glasses', u'spawns', u'repeat']"
189,"[u'absolute', u'gov', u'supplementation', u'babies', u'passage', u'existentialism', u'brains', u'reading', u'penthouse', u'marking', u'tuition', u'sides', u'tricks', u'accessability', u'egg', u'geniuses', u'forgetting', u'biking', u'cliques', u'wallowing', u'hearthstone', u'knowledge', u'fault']"
190,"[u'second', u'offense', u'finance']"
191,"[u'motivate', u'think', u'nietzsche', u'p', u'shallit', u'cservices', u'allowed', u'still', u'many', u'dare', u'salty', u'soccer', u'impact', u'paranoid', u'dank', u'meal', u'hopes', u'differs', u'outsider', u'limitations']"
192,"[u'machines', u'keeps', u'laysdays', u'professor', u'climate', u'stuck', u'vball', u'curve', u'dough', u'wager', u'relation', u'political', u'nap', u'soul', u'allnighter', u'attend', u'eat']"
193,"[u'tolerance', u'spurts', u'pneumonia', u'vehicles']"
194,"[u'ups', u'hnng', u'vidya', u'cry', u'lecture', u'thomson', u'reflection', u'salaries', u'rudyard']"
195,"[u'suicidal', u'coast', u'fascination', u'excellence', u'challenges', u'e3', u'motherfuckers', u'superiority', u'act', u'parties', u'intro', u'stick', u'strain', u'designation', u'drink', u'base', u'pictures', u'kelly', u'crop', u'syndrome', u'hurdles', u'stride', u'centre', u'agreed', u'jog', u'pauls', u'journal', u'portion']"
196,"[u'medicine', u'dance', u'relies', u'knowing', u'theorem', u'references', u'trap']"
197,"[u'cakeday', u'gratification', u'christ', u'circumstances', u'stefani', u'spectrum', u'slicepineapple', u'anime', u'soo', u'hack', u'slot', u'breath', u'deeply', u'exec', u'x', u'strategy', u'alongside', u'organization', u'tunnel', u'mississauga', u'props', u'esp']"
198,"[u'crises', u'triumph', u'cmha', u'situations', u'union', u'ie', u'hunt', u'crowd', u'assessment', u'cases', u'till', u'applications', u'window', u'rock', u'engineer', u'ironically', u'girlfriend', u'ign', u'poor', u'fac', u'pac', u'coping', u'participants', u'cut', u'indication', u'boys', u'visits', u'regards', u'usage', u'convey']"
199,"[u'went', u'silicon', u'waterlooworks', u'highly', u'graph', u'favour', u'note', u'recorder', u'dependent', u'nope', u'jist', u'chances']"
200,"[u'guidance', u'speak', u'child', u'amount', u'pmc', u'gonna', u'psychologist', u'pray', u'holidays', u'lane', u'talent', u'pressure', u'humans']"
201,"[u'self', u'fact']"
202,"[u'complex', u'concert', u'weed', u'compare', u'rainbows', u'curb']"
203,"[u'attack', u'troubles', u'kills', u'iron', u'garbage', u'chance']"
204,"[u'path', u'fever', u'dies', u'requirements', u'whenever', u'gaga', u'difficulty', u'distraction', u'pomodoro', u'illnesses', u'isolation', u'poem', u'ball']"
205,"[u'graduation', u'positions']"
206,"[u'sport', u'multitude', u'flow']"
207,"[u'bam', u'member']"
208,"[u'rec', u'eventually', u'quieter', u'suspicions', u'classmate', u'https', u'blog', u'immigrate', u'cream', u'passed', u'warnings', u'helplessness']"
209,"[u'countries', u'funding', u'thread', u'majority', u'panic']"
210,"[u'void', u'hundreds', u'smoke', u'relax', u'mins', u'wheel', u'tasks', u'lab', u'depths', u'lifespan', u'outline', u'cycles', u'vs', u'status']"
211,"[u'doubts', u'ide', u'physicians']"
212,"[u'nail', u'speeches', u'sunday', u'james', u'answers', u'truths', u'event', u'alcohol', u'dominatrixes', u'shape', u'matters', u'sit', u'details', u'goodness']"
213,"[u'needless', u'reward', u'nevertheless']"
214,"[u'thesis', u'periodic', u'st', u'ideation', u'counselors', u'spreadsheet', u'id755164884', u'demons', u'slides', u'avg']"
215,"[u'eng', u'table', u'reasoning', u'wallet']"
216,"[u'mt', u'meditate', u'boat', u'adulthood', u'fucking', u'bb', u'heath', u'tumblr']"
217,"[u'quantum', u'laurier', u'stories']"
218,"[u'pass', u'ianal']"
219,"[u'np', u'buds', u'kitchener', u'amp', u'anotha']"
220,[u'whatnot']
221,[u'minus']
222,[u'apron']
223,"[u'april', u'route']"
224,[u'imagine']
