0,"[u'school', u'work', u'life', u'people', u'way', u'time', u'term', u'thing', u'lot', u'someone', u'health', u'things', u'week', u'something', u'day', u'job', u'friends']"
1,"[u'days', u'anxiety', u'mind', u'night', u'everything', u'shit', u'coop', u'exams', u'today', u'effort', u'stress', u'years', u'course', u'group', u'year', u'one', u'anyone', u'friend', u'situation', u'op', u'program', u'hours', u'family', u'hour', u'doctor', u'help', u'courses', u'everyone', u'idea', u'reason', u'part', u'kind', u'nothing', u'point', u'person', u'parents', u'bit', u'anything', u'assignments', u'services', u'uw', u'problems', u'depression', u'others', u'university', u'times', u'student', u'class', u'exam', u'co', u'cs', u'home', u'campus']"
2,"[u'month', u'study', u'end', u'weeks', u'classes', u'feeling', u'com', u'success', u'thoughts', u'thanks', u'months', u'support', u'marks', u'ones', u'interview', u'care', u'place', u'average', u'jobs', u'luck', u'gt', u'appointment', u'experience', u'try', u'interviews', u'relationship', u'motivation', u'issues', u'resources', u'math', u'waterloo', u'bed', u'problem']"
3,"[u'sleep', u'therapy', u'side', u'gym', u'midterms', u'grades', u'medication', u'fuck', u'man', u'talk', u'morning', u'mom', u'start', u'students', u'meditation', u'sense', u'advice', u'feel', u'feels', u'fun', u'yesterday', u'moment', u'questions', u'world', u'prof', u'degree', u'midterm', u'fact', u'brain', u'stuff', u'book', u'schedule', u'science']"
4,"[u'imo', u'pity', u'take', u'levels', u'intentions', u'chicken']"
5,"[u'music', u'mine', u'adhd', u'reddit', u'terms', u'antidepressants', u'post', u'head', u'weekend', u'https', u'counsellor', u'name', u'yeah', u'future', u'psychiatrist', u'money', u'mood', u'etc', u'hell', u'energy', u'research', u'self', u'plan', u'please', u'counselling', u'confidence', u'results', u'process', u'edit', u'cause', u'hey', u'hope', u'position']"
6,"[u'trillogy', u'cheesy', u'possibility', u'conditions', u'files', u'podcasts']"
7,"[u'bucks', u'whining', u'teeth', u'emergency', u'failures', u'beat', u'approval', u'repeat']"
8,"[u'force', u'breaks', u'peaks', u'sentence', u'yes', u'cs246', u'suicides', u'cases', u'maturity', u'ability', u'industry', u'minor', u'response', u'media', u'algorithms', u'damn', u'alternative', u'afford', u'front', u'walk']"
9,"[u'undergoing', u'disorders', u'trump', u'treatments', u'travelling', u'reactions', u'gpa', u'tips', u'persistence']"
10,"[u'buddy', u'scenario', u'fail', u'chill', u'pharmacy', u'tricking', u'nerve', u'arts', u'ten', u'edited', u'w', u'hit', u'attention', u'guide', u'holidays', u'rejection', u'professor', u'delay', u'highschool', u'grindstone', u'diversity', u'cirucmstances', u'sister', u'record']"
11,"[u'vulnerability', u'initiative', u'hand', u'honest', u'weed', u'kickass', u'fees', u'bare', u'towns', u'chemistry', u'sciatica', u'bonds', u'btw']"
12,"[u'firstworldmentalhealthproblems', u'calm', u'office', u'revenge', u'inferno', u'toronto', u'alarm', u'psychologists', u'pick', u'youre', u'game', u'somehow', u'marketing', u'tonne', u'reality', u'focus', u'cool', u'excellence', u'crisis', u'language', u'motherfuckers', u'sciences', u'outside', u'cancer', u'sound', u'policies', u'oh', u'psychologist', u'emotions', u'middle', u'shower', u'engg', u'stack', u'positions', u'bird', u'use', u'geez', u'sis', u'honestly', u'procrastination', u'hobby', u'qa', u'employment', u'extension', u'boom']"
13,[u'presentation']
14,"[u'leaves', u'prom', u'nutrients', u'broke']"
15,"[u'mins', u'wtf', u'dreams', u'bpd', u'wake', u'evenings', u'shitstorm', u'alot']"
16,"[u'appetite', u'niche', u'campaign', u'household', u'clarity', u'deserving', u'phase', u'sun', u'bam', u'vitamin', u'impediment', u'differences', u'offense', u'sunday', u'amp', u'videos', u'kiosks', u'action', u'two', u'dread', u'signs', u'benefits', u'corruption', u'forgotten', u'e', u'baby', u'bondi', u'accident', u'almost', u'member', u'lifestyle', u'gay', u'diagnosis']"
17,"[u'haha', u'travel', u'nightmares', u'aspects', u'quote', u'read', u'got', u'bajillion', u'control', u'tickles', u'system', u'computer']"
18,"[u'hate', u'sorry', u'feelings', u'counseling', u'coffee', u'solution', u'resume', u'appointments', u'struggle', u'top', u'jobmine', u'best', u'games', u'im', u'steps', u'attacks', u'meds', u'environment', u'minute', u'wait', u'studies', u'transplant', u'club', u'date', u'maybe', u'half', u'tomorrow', u'city', u'season', u'counselor', u'mark', u'engineering', u'food', u'summer', u'death', u'treatment', u'hobbies', u'field', u'activities', u'semester', u'company', u'symptoms', u'ass', u'story', u'number', u'towards', u'experiences', u'activity', u'sex', u'practice', u'case', u'let', u'look', u'graduation', u'question', u'go', u'mindset', u'purpose', u'bunch', u'interests', u'youtube', u'need', u'face', u'view', u'education', u'thought', u'happiness', u'goals', u'places', u'minutes']"
19,"[u'cali', u'hold', u'update', u'bomber', u'thru', u'sessions', u'ccf', u'rate', u'compnay', u'commiserate', u'culture', u'warnings', u'ide', u'stage', u'hands', u'studying', u'wise']"
20,"[u'keep', u'answer', u'eventually', u'edit2', u'therecord', u'girls', u'troughs', u'preferences', u'doc', u'tech', u'habit', u'approach', u'soo', u'adviser', u'turns', u'dude', u'values', u'eh', u'happen', u'uwaterloo', u'slope', u'pop', u'ive', u'acquaintances', u'scholarships', u'communication', u'tendencies', u'reasoning', u'misery', u'knows', u'daniel', u'client', u'reach', u'perfume', u'see', u'unsure', u'likes', u'consistency', u'cut', u'indication', u'single', u'structure', u'jump', u'syndrome', u'repercussions', u'endeavors', u'words', u'avg', u'fighting', u'loner', u'apps', u'mechanics']"
21,"[u'cmhr', u'swindlers', u'dear', u'gis', u'hairs', u'weekdays', u'pun', u'buddhism', u'wonders']"
22,"[u'expectancy', u'basis', u'website', u'sushi', u'peronium1', u'congratulations', u'dies', u'mav', u'sad', u'elpe', u'regard', u'mass', u'shrooms', u'obviously', u'begins', u'vidya', u'set', u'stat231', u'bb', u'pussy', u'dad', u'shell', u'portfolio', u'recommendation', u'helplessness', u'tight', u'appt', u'exposure']"
23,"[u'seep', u'highschooler', u'xd', u'systems', u'salaryman', u'ahhh', u'scrub', u'breathing', u'agenda', u'vagina', u'heightens', u'comment']"
24,"[u'every', u'rec', u'tole', u'actuality', u'jesus', u'remorse', u'adapt', u'engagement', u'rater', u'ira', u'catch', u'air', u'opportunity', u'bury', u'cliche', u'spring', u'choice', u'emergencies', u'favour', u'water', u'sports', u'topic', u'laundry', u'ideation', u'relief', u'blog', u'symbolism', u'stops', u'recorder', u'throw', u'github', u'actually', u'speech', u'sentenc', u'option', u'ncbi', u'emails', u'copiers', u'grant', u'assignment', u'hmmmmmm', u'howd', u'religion', u'planet', u'highlight', u'wonton', u'gf', u'anotha', u'deals', u'manage', u'train', u'poetry', u'dao', u'slacker', u'route', u'heartbreaks', u'extent', u'afaik', u'usage', u'turbulence', u'pd', u'twist', u'spell', u'portion']"
25,"[u'gratification', u'advisers', u'machines', u'chens', u'guilt', u'bonuses', u'logic', u'board', u'understand', u'reset', u'fell', u'market', u'eccentricities', u'miles', u'card', u'track', u'label', u'reaction', u'learning', u'model', u'preference', u'omega', u'tv', u'simpsons', u'door', u'biography', u'fb', u'chart', u'paranoia', u'cup', u'idk', u'un', u'ties', u'ionic', u'responses', u'volunteer', u'negligence']"
26,"[u'would', u'concepts', u'ramblings', u'men', u'hygiene', u'candidate', u'manager', u'battle', u'suicide', u'reply', u'fortunately', u'cold', u'org', u'vote', u'transfusions', u'ways', u'slippery', u'interviewers', u'tuition', u'choo', u'project', u'cbt', u'pass', u'history', u'okay', u'mental', u'nights', u'intelligence', u'wow', u'meeting', u'depersonalization', u'cuz', u'conversation', u'cell', u'watch', u'marrow', u'bitch', u'areas', u'otherwise', u'http', u'well', u'surge']"
27,"[u'pace', u'strategy', u'unmoving', u'overtime']"
28,"[u'lump', u'summarize', u'signing', u'assaults', u'bathroom', u'jest', u'islands', u'flavour', u'check', u'honesty', u'anti', u'rest', u'stranger', u'buddies', u'deserve', u'good2talk', u'suffer', u'context', u'flow', u'havent', u'invitations', u'fifties', u'rudyard', u'recommendations', u'percent', u'gooooood']"
29,"[u'ever', u'intake', u'mm', u'schemes', u'calcium', u'slab', u'here247', u'prove', u'pure', u'acknowledge', u'recover', u'gen', u'pox', u'fan', u'supplements', u'cleansing', u'performances', u'ugh', u'uw_secret_throwaway', u'toy', u'bent', u'overall', u'ctci', u'trials']"
30,"[u'peers', u'change', u'share', u'suggestions']"
31,"[u'ie', u'pain', u'sticks', u'sigh', u'makeup', u'views', u'region', u'spirit', u'semesters', u'pretty', u'actions', u'reasons', u'extracurriculars', u'garbage', u'links', u'embryology', u'web']"
32,"[u'want', u'effects', u'clubs', u'v', u'may', u'horror', u'dons', u'fine', u'tunnel', u'eyes']"
33,"[u'net', u'laysdays', u'us', u'treasure', u'boundaries', u'wanders', u'always', u'ad', u'alright', u'content', u'pdfs', u'labs', u'ask', u'statement', u'interviewer', u'pictures', u'race', u'exercise', u'didnt', u'skill', u'scent', u'spiral']"
34,"[u'even', u'psychiatric', u'round', u'james', u'formula', u'programming', u'oath', u'freshman', u'strain', u'image', u'autoimmune', u'hayyters', u'pool', u'concentration', u'velocity', u'scale', u'invite', u'algorithm', u'holiday', u'sobs', u'backwards', u'stomach', u'wakes', u'mishap', u'like']"
35,"[u'suicidal', u'chem', u'result', u'climate', u'child', u'mediocre', u'skin', u'tasks', u'confidentiality', u'stream', u'afternoon', u'remember', u'challenges', u'mindfulness', u'memories', u'town', u'forgetting', u'mountain', u'ptsd', u'goddamn', u'mighty', u'essay', u'rez', u'nobody', u'career']"
36,"[u'expectations', u'god', u'hopefully', u'interest', u'cycle', u'form', u'word', u'guy', u'doubt', u'heart', u'get', u'thank', u'good', u'inability', u'graduate', u'forget', u'list', u'past', u'none', u'information', u'habits', u'video', u'pressure', u'figure', u'healthcare', u'addiction', u'articles', u'hesitate', u'management', u'progress', u'girl']"
37,"[u'street', u'fever', u'keyword', u'thx', u'survival', u'existentialism', u'cservices', u'furthermore', u'butterflies', u'pre', u'cymbalta', u'therapist', u'cigs', u'breakdown', u'chiro', u'stone', u'affection', u'fav', u'fac', u'streets', u'zone', u'quantum', u'evaluation', u'drifting', u'sentences', u'geomatics', u'meal', u'fuq', u'regardless', u'mirror', u'twitter', u'mundane', u'vice', u'youtubes', u'feridun', u'playlist', u'institution', u'min', u'october', u'cousin', u'muscle', u'freedom', u'piece', u'onwards', u'guarantee']"
38,"[u'experimentalist', u'plate', u'fri', u'pd20', u'investigations', u'hematologist', u'august', u'halfway', u'calmer', u'functioning', u'hnng', u'find', u'fire', u'anymore', u'kinkaku', u'res', u'undergrad', u'smoking']"
39,"[u'outcome', u'requirements', u'killer', u'rock', u'relies', u'caffeine', u'glad', u'phillip', u'evening', u'phdcomics', u'fixes']"
40,"[u'tinder', u'classmates', u'grave', u'fucks', u'earth', u'disaster', u'news', u'programs', u'potato', u'trend', u'write', u'insomnia', u'workload', u'thai', u'shot', u'wiki', u'screen', u'residence', u'pay', u'momentum', u'_', u'ok', u'stand', u'nowadays', u'technically', u'mondays', u'deadline', u'respect', u'fergus', u'options', u'learn', u'buzzword', u'attitude', u'beginning', u'prescription', u'schoolwork', u'run', u'ontario', u'choose', u'elusion', u'racist', u'torment', u'receptionist', u'anyway', u'correlations', u'routine', u'poem', u'waste', u'tas', u'canadians', u'counsellors', u'rule']"
41,"[u'mess', u'attack', u'dr', u'bad', u'speak', u'concept', u'level', u'trauma', u'prehaps', u'hurts', u'cities', u'changing', u'cheery', u'pill', u'sadness', u'apartment', u'hahaha', u'threads', u'relaxation', u'venting', u'friday', u'sometimes', u'brush', u'league', u'crispr', u'biking', u'source', u'suffering', u'disorder', u'rut', u'authority', u'hopes', u'mock', u'torture', u'business', u'experiment', u'books', u'neet', u'tonight', u'screw', u'afraid', u'hs', u'visa', u'bring', u'staff', u'nope', u'jog', u'fault', u'mistakes', u'match', u'passion', u'housing']"
42,"[u'scenes', u'periodic', u'avail', u'nighters', u'impostors', u'torch', u'proud', u'workshops', u'protein', u'breakdowns', u'fraud', u'airport', u'essays', u'critiques', u'drinking', u'opinion', u'stride', u'tuesday', u'ave']"
43,"[u'toll', u'homie', u'absolute', u'break', u'thereof', u'jennifer', u'editor', u'dick', u'findings', u'sf', u'professors', u'ahaha', u'eg', u'saw', u'resource', u'breath', u'nooo', u'act', u'coping', u'peeps', u'sluggishness', u'whole', u'engsoc', u'compromises', u'pieces', u'prognosis', u'references', u'impostor_syndrome', u'lectures', u'lifestyles', u'regularly', u'lucky', u'state', u'drug', u'sexists', u'champ']"
44,"[u'insecurity', u'grief', u'remedies', u'zee', u'fam', u'quieter', u'fields', u'hang', u'seasonal', u'thankfully', u'participation', u'accomplishments', u'procrastinator', u'brother', u'pmc', u'tendency', u'wont', u'blacklist', u'marijuana', u'performance', u'strengths', u'connections', u'sport', u'preach', u'twin', u'engine', u'quagmire', u'sanity', u'girlfriend', u'poor', u'takethecar', u'darkness', u'pretense', u'pac', u'athletics', u'offline', u'difficulty', u'boulder', u'consuming', u'woke', u'advise', u'cheer', u'silence', u'lane', u'fortenshi', u'bloodwork', u'women', u'poverty', u'weekday', u'next', u'sir', u'varies', u'registrars', u'society', u'put', u'videogames', u'present', u'publicize', u'mastery', u'page', u'transfer', u'periods', u'medications']"
45,"[u'ton', u'manner', u'bomb', u'blonde', u'_____', u'trans', u'whenever', u'turkey', u'strategies', u'occasions', u'skype', u'decision', u'code', u'organ', u'javascript', u'fuckboy']"
46,"[u'circumstances', u'took', u'trouble', u'winter', u'living', u'internet', u'hack', u'journey', u'faculty', u'thread', u'theorem', u'back', u'nap', u'wave', u'facebook', u'pig4', u'light', u'mornings', u'instance', u'aww', u'tbh', u'email']"
47,"[u'schools', u'stop', u'row', u'memory', u'message', u'profs', u'reminder', u'examine', u'opportunities', u'banks', u'ragrets', u'vitamins', u'mode']"
48,"[u'void', u'hundreds', u'thesis', u'listen', u'alumni', u'officer', u'lows', u'notepad', u'lab', u'sickness', u'bitchwork', u'abyss', u'idiot', u'finals', u'spreadsheet', u'feminists', u'art', u'lifespan', u'sink', u'addition']"
49,"[u'allah', u'ill', u'substance', u'humanity', u'escape', u'acceptances', u'bursaries', u'fml', u'review', u'moves', u'needs', u'lookout', u'reclusion', u'demons', u'anybody', u'users', u'prescribe', u'guidance', u'mil', u'joy', u'scares', u'happens', u'ivory']"
50,"[u'crises', u'arms', u'types', u'addict', u'trust', u'comments', u'despair', u'stuck', u'roll', u'eternity', u'non', u'es', u'cars', u'expectation', u'lack', u'libido', u'access', u'alters', u'matters', u'reel', u'send', u'helps', u'talent', u'hearthstone', u'subscribe', u'cruel', u'tumblr']"
51,"[u'ups', u'bridge', u'demoralizing', u'nature', u'speeches', u'gods', u'christmas', u'evidence', u'could', u'team', u'teacher', u'heard', u'rink', u'cope', u'reading', u'stretch', u'mod', u'images', u'victories', u'inbox', u'taste', u'politics', u'gifts', u'follow', u'toxicity', u'minimum', u'undergrads', u'hardwork', u'cups', u'depths', u'pneumonia', u'flight', u'moderation', u'chatter', u'forgiveness', u'pomodoro', u'forward', u'eval', u'melodrama', u'great', u'depressant', u'apple', u'exclusion', u'wallowing', u'withdrawal', u'agency', u'pd1', u'knowledge', u'cycles', u'transfusion', u'headspace', u'moments', u'homo', u'soudns']"
52,"[u'dq', u'cherry', u'ops', u'quality']"
53,"[u'relationships', u'browse', u'type', u'phone', u'example', u'law', u'matter', u'report', u'right', u'groups', u'events', u'difference', u'perspective', u'homework', u'harm', u'couple', u'projects', u'notes', u'body', u'value', u'paper']"
54,"[u'new', u'path', u'recovery', u'minority', u'strangers', u'chugging', u'gripe', u'wear', u'trigger', u'split', u'tha', u'highly', u'whats', u'facility', u'er', u'rainymood', u'mehntal', u'deprivation', u'tears', u'rules', u'tower', u'pockets', u'mistborn', u'version', u'multitude', u'playing', u'hackathon', u'duller', u'funding', u'recruiting', u'twenty', u'exec', u'distraction', u'fianc\u01f9', u'qaq', u'improvement', u'blankets', u'hometown', u'link', u'peace', u'regions', u'drinker', u'isolation', u'means', u'props', u'harder', u'autism', u'haul', u'salaries', u'construction', u'eat', u'kinda', u'status']"
55,"[u'shills', u'lay', u'feedback', u'service', u'personality', u'disguise', u'son', u'setting', u'felt', u'reviews', u'birds', u'topics', u'correlation', u'phys115', u'barbells', u'nose', u'cliques', u'comparison', u'parties', u'rush', u'method', u'foot', u'geniuses', u'reduction', u'gal', u'kick', u'rid', u'wanna', u'spending', u'frosh', u'degrees', u'lazy', u'powder', u'husk', u'identities']"
56,"[u'hrs', u'failure', u'needles', u'suggestion', u'car', u'finance', u'potential', u'show', u'period', u'kings', u'introspection', u'friendship', u'play', u'stem', u'existent', u'afm', u'lines', u'movie', u'matcha', u'kinds']"
57,"[u'wednesday', u'friendships', u'plenty', u'herpes', u'entrance', u'st', u'monster', u'calendar', u'worry', u'hamster', u'weight', u'useless', u'checkboxes', u'community', u'warning', u'fears', u'soul', u'averages', u'survey', u'distractions', u'feat', u'convince']"
58,"[u'triumph', u'hole', u'went', u'dsm', u'hearing', u'rat', u'mcat', u'conference', u'medicating', u'allergies', u'mic', u'poser', u'accounting', u'classmate', u'making', u'motions', u'pennylost12345', u'zuckerberg', u'tries', u'first', u'successes', u'poll', u'gist', u'everyday', u'harrigan55', u'capability', u'deadlines', u'accessability', u'issue', u'dough', u'event', u'enemy', u'barely', u'dominatrixes', u'rewrite', u'achievers', u'saf', u'boys', u'ibajinx', u'allnighter', u'sit', u'courage', u'labor', u'fair', u'reaffirm', u'impression', u'agreed', u'details', u'munich', u'burden', u'become', u'swimming', u'desires', u'deaths', u'frankfurt']"
59,"[u'gov', u'coast', u'country', u'bothers', u'physician', u'remind', u'security', u'ssris', u'blow', u'creatures', u'thnx', u'proxy', u'fancy', u'eigenvectors', u'partition', u'profile', u'tldr', u'hopeful']"
60,"[u'bottom', u'dream', u'psychiatrists', u'task', u'bc', u'drama', u'suffers', u'lives']"
61,"[u'hangout', u'dinner', u'corner', u'worries', u'seconds', u'stick', u'bland', u'lie', u'google', u'jumbo', u'bullshit']"
62,"[u'nogf', u'dp', u'dance', u'hbu', u'till', u'matches', u'professionals', u'warriors', u'hockey', u'purse', u'lady', u'physics', u'circle', u'pd2', u'wheeeeee', u'snacks', u'lt', u'spirits', u'chapters', u'v1', u'u']"
63,"[u'supporters', u'room', u'regrets', u'descent', u'attempt', u'think', u'mumbo', u'combination', u'routines', u'forgot', u'knit', u'theme', u'meditate', u'downtime', u'chappelle', u'uni', u'daddy', u'drop', u'crime', u'disappointment', u'readings', u'pile', u'cambridge', u'valley', u'wro9ptpusss', u'september', u'might', u'somebody', u'probability', u'relation', u'particle', u'processing', u'heath', u'outcomes', u'attend', u'aspiring', u'helpline', u'spawns', u'smash', u'yay', u'pits', u'tests', u'loser', u'assuming', u'esteem', u'conclusion']"
64,"[u'hospital', u'warm', u'bone', u'hopeless', u'grade', u'boyfriend', u'o_o', u'babies', u'fight', u'targets', u'definitions', u'runners', u'given', u'sure', u'pulp', u'accounts', u'fall', u'backlash', u'yt', u'flashbacks', u'loopy', u'phil', u'b', u'loop', u'naw', u'rape', u'combat', u'joke', u'lol', u'journal', u'frustration', u'ranks']"
65,"[u'holy', u'subject', u'lots', u'illness', u'ideas', u'reels', u'goal', u'plans', u'step', u'meet', u'struggles', u'panic', u'seniors', u'chances']"
66,"[u'whatnot', u'fellas', u'make', u'shallit', u'episodes', u'emotion', u'csc', u'doctors', u'meaning', u'crap']"
67,"[u'sol', u'comp', u'officers', u'platelet', u'prospects', u'pm', u'table']"
68,"[u'cakeday', u'testing', u'mum', u'cost', u'shitpool', u'icon', u'sentraline', u'deeply', u'scientist', u'practicing', u'stabilizer', u'looks', u'fuckers', u'ofc', u'capabilities']"
69,"[u'pride', u'halivera', u'children', u'sju', u'bro', u'breathe', u'mt', u'curiosity', u'medicine', u'noogler', u'bitter', u'dogs', u'butter', u'cools', u'background', u'functions', u'offer', u'pms', u'transportation', u'spot', u'eyeballs', u'ec', u'quite', u'long', u'optimism', u'cards', u'employers', u'kills', u'trash', u'investment', u'court', u'rather', u'style', u'feelsgoodman', u'feet', u'condolences', u'sector', u'celebrities', u'indefinite', u'admission', u'fucking', u'bf', u'girlfriends', u'chat', u'econ', u'yeeeeee', u'bones', u'hurdles', u'fatigue', u'flair', u'mississauga', u'bedroom', u'roommates', u'leases', u'strains', u'oregano', u'treat', u'walks', u'deficiency']"
70,"[u'excellent', u'panacea', u'suck', u'professional', u'afterwards', u'fruit', u'spicy', u'castles', u'mmm', u'texts', u'facade', u'jist', u'makes', u'truth', u'messenger', u'advisor', u'outline', u'bet', u'tmr']"
71,"[u'secondly', u'compassion', u'companies', u'plea', u'brings', u'complaining', u'westmount', u'amazement', u'individuals', u'basketball', u'attempts', u'sorts', u'dollars', u'ice', u'soup', u'hardest', u'muay', u'troubles', u'slot', u'cannot', u'satisfaction', u'aura', u'solve', u'thinking', u'af', u'terriblehack', u'pray', u'afsa', u'startup', u'flies', u'rainbows', u'gap', u'abilities', u'march', u'disclosure', u'consultation', u'coops', u'department', u'ambience', u'pencil', u'drops', u'wander', u'mate', u'punish', u'loves', u'mid', u'tailspin', u'never', u'lost']"
72,"[u'christ', u'spurts', u'lmao', u'egg', u'subreddit', u'taking']"
73,"[u'calc', u'goodbye', u'effectiveness', u'release', u'piazza', u'toxic', u'dosage', u'ttc', u'sides', u'hates', u'methods', u'threat', u'verity', u'highs', u'move', u'lecture', u'piano', u'nevertheless', u'sweat', u'chronic']"
74,"[u'risk', u'schooling', u'fix', u'situations', u'irl', u'relative', u'supplementation', u'drugs', u'cant', u'left', u'grateful', u'freelance', u'passage', u'posts', u'nonstop', u'hall', u'turd', u'gotta', u'clearer', u'pounds', u'complete', u'holes', u'directions', u'compare', u'productivity', u'terrible', u'store', u'hires', u'runescape', u'distress', u'affectionate', u'dealt', u'tools', u'jeez', u'software', u'ece', u'key', u'expansion', u's2xtra_wpao', u'saddens', u'doesnt']"
75,"[u'chen', u'relax', u'keeps', u'reader', u'points', u'july', u'boring', u'observer', u'severity', u'thy', u'core', u'shakes', u'wasting', u'drinks', u'prescriptions', u'live', u'depressants', u'yup', u'population', u'direction', u'superiority', u'area', u'safety', u'search', u'transit', u'ohip', u'lease', u'dealers', u'grind', u'stricken', u'letter', u'fast', u'challenge', u'lists', u'disease', u'employer', u'indica', u'wall', u'hmm', u'pauls', u'oops', u'brand', u'editing', u'bud']"
76,"[u'amazing', u'pizza', u'fil', u'academics', u'shittiness', u'affairs', u'ahahahahahaha', u'efforts', u'dbt', u'map', u'meme', u'oil', u'roommate', u'sideprojects', u'solipsism', u'province', u'fluff', u'cordova', u'physio', u'username', u'mech']"
77,[u'item']
78,"[u'experts', u'bang', u'boost', u'cat', u'id755164884', u'c']"
79,"[u'adult', u'coding', u'weekends', u'roller', u'fakes', u'midnight', u'advance', u'cares', u'touch', u'competition', u'aster', u'component', u'interviewees', u'brink']"
80,"[u'strength', u'power', u'gals', u'kw', u'account', u'ball', u'works']"
81,"[u'cons', u'omg', u'majority']"
82,"[u'nail', u'second', u'haze', u'hi', u'memorization', u'fit', u'downside', u'wikipedia', u'seattle', u'hunt', u'umm', u'presence', u'war', u'assessment', u'suspicions', u'derealization', u'excel', u'standards', u'majors', u'randoms', u'everybody', u'zarathustra', u'loathe', u'ex', u'engineer', u'cornwall', u'insanity', u'drive', u'walking', u'boat', u'daytona', u'ukulele', u'shitttt', u'shortcoming', u'vball', u'theoretically', u'gone', u'numbing', u'chinese', u'screwdriver', u'crush', u'paragraph', u'beautiful', u'comfort', u'electives', u'wimbledon', u'needless', u'really', u'base', u'wager', u'boredom', u'center', u'marriage', u'courseload', u'knowing', u'java', u'error', u'rip', u'literature', u'signals', u'shitposting', u'pen', u'bruh', u'curb', u'an_open_letter_to_the_first_years', u'graduating', u'started', u'lapse', u'tact', u'inferiority', u'males', u'text', u'insight', u'grad', u'humans', u'triples', u'partner', u'party', u'identity', u'january', u'hr', u'space']"
83,"[u'whatsoever', u'kids', u'karim', u'writing', u'cmha', u'meat', u'choooooo', u'otherkins', u'yea', u'deal', u'crowd', u'coworker', u'window', u'freaking', u'impressions', u'april', u'pan', u'greetings', u'instrument', u'darker', u'ign', u'curve', u'clique', u'individual', u'responsibility', u'snap', u'continue', u'downhill', u'nice', u'meals', u'therapists', u'achievements', u'regards', u'positivity', u'library', u'acceptance', u'bus']"
84,"[u'mean', u'kid', u'locations', u'variable', u'immigrate', u'building', u'excuse', u'sucks', u'researcher', u'grail', u'effect']"
85,"[u'glhf', u'timers', u'neat', u'opinions', u'trial', u'verge', u'obsession', u'urge', u'section', u'ya', u'mentality', u'pack', u'lawyers', u'engage', u'breakup', u'discrimination', u'coaster', u'predictor', u'ece105']"
86,"[u'doubts', u'dota', u'contact', u'cav', u'hybrids', u'countless', u'versa', u'passions', u'fairness', u'male', u'alongside', u'competencies', u'dating', u'sub', u'mehdays', u'physicians', u'ambassadors', u'affective', u'tenure', u'stats', u'vent', u'footage', u'stat']"
87,"[u'worth', u'errors', u'meh', u'motivate', u'internalization', u'nietzsche', u'claws', u'boss', u'incompetent', u'surround', u'p', u'acidosis', u'curriculum', u'allowed', u'dilemma', u'still', u'sounds', u'ideal', u'stupid', u'hackathons', u'parent', u'eid', u'many', u'dare', u'tackle', u'grudge', u'decisions', u'woman', u'quicker', u'salty', u'soccer', u'yo', u'reward', u'impact', u'paranoid', u'dank', u'pillar', u'pet', u'line', u'reeeeeeee', u'pmc2908269', u'crop', u'thrill', u'mimiviruses', u'priority', u'atmosphere', u'differs', u'outsider', u'limitations', u'goodness', u'stay']"
88,"[u'smoke', u'surprise', u'antidepressant', u'folks', u'mud', u'yee', u'glitch', u'tennis', u'petition', u'ftfy', u'calls', u'x', u'info', u'illnesses']"
89,"[u'hermann', u'skills', u'itunes', u'changes', u'asses', u'join', u'subsidized', u'saturday', u'tooo', u'spite', u'textbooks', u'amount', u'slicepineapple', u'psych', u'np', u'chair', u'technique', u'advantage', u'love', u'sake', u'guys', u'statistics', u'remainder', u'note', u'college', u'anyways', u'resentment', u'complain', u'gonna', u'test', u'outlook', u'buds', u'neurotransmitters', u'cream', u'lawyer', u'material', u'phrase', u'crippling', u'call', u'bless', u'drink', u'dont', u'guess', u'tfw', u'kitchener', u'insane', u'load', u'determination', u'funny', u'congrats', u'win', u'sort', u'factor', u'suiciidality', u'interactions', u'slides', u'pointers', u'mechanism', u'encouragement', u'parts', u'lunch', u'add', u'desk', u'esp', u'stories', u'monday', u'june']"
90,"[u'order', u'quit', u'franco', u'intramurals', u'blood', u'sheer', u'dependent', u'cleaning', u'pros', u'occupy', u'peanut', u'novel', u'reflection']"
91,"[u'seminars', u'r', u'www', u'grandma', u'intro']"
92,"[u'enjoy', u'engineers', u'root', u'renison', u'third', u'cigarettes', u'minus', u'brains', u'impostor', u'came', u'talkers', u'abs', u'ambitions', u'pregnancy', u'balance', u'tutorial', u'role', u'factors', u'hamsterdam', u'outlet', u'loo', u'tricks', u'vomit', u'truths', u'gender', u'streaking', u'donor', u'adulthood', u'fiance', u'maintenance', u'discipline', u't_t', u'cif', u'supervisor', u'income', u'kickstarter', u'notebook', u'kipling', u'whatever', u'proofs']"
93,"[u'integrity', u'credit', u'hurt', u'shoot', u'already', u'steam', u'iirc', u'triggers', u'toaster', u'claims', u'anime', u'discover', u'clue', u'pills', u'canada', u'png', u'apples', u'colourfulskies97', u'bandaids', u'beginners', u'tl', u'condition', u'full', u'blunder', u'hear24', u'alcohol', u'participants', u'cry', u'laurier', u'development', u'icebreaker', u'poster', u'commiseration', u'visits', u'infection', u'memes', u'listless', u'centre', u'handle', u'thus', u'vs', u'wreck', u'implement']"
94,"[u'starts', u'online', u'shits', u'loss', u'glasses', u'chance']"
95,"[u'blessing', u'graphics', u'gene']"
96,"[u'spoke', u'dog', u'advisors', u'shame', u'complex', u'concern', u'shopping', u'eye', u'iron', u'inclination', u'nah']"
97,"[u'academia', u'signal', u'fascination', u'papers', u'agent', u'twenties', u'councillors', u'humblebrag', u'counselors', u'imagine', u'trap']"
98,"[u'eng', u'hackerrank', u'political', u'wallet']"
99,"[u'consistent', u'mang']"
